Station Number,2022082309,2022082312,2022082315,2022082318,2022082321,2022082324,2022082403,2022082406,2022082409,2022082412,2022082415,2022082418,2022082421,2022082424,2022082503,2022082506,2022082509,2022082512,2022082515,2022082518,2022082521,2022082524
11001,23,23,21,18,17,16,17,17,18,20,20,17,15,16,17,19,23,24,23,18,17,16
11016,23,22,22,19,18,16,17,18,18,20,20,17,17,17,19,20,23,24,22,18,19,19
11046,21,21,22,17,17,16,16,16,18,20,20,16,17,17,17,19,23,23,22,18,17,18
11076,24,25,20,17,16,15,16,16,18,19,19,16,13,13,15,17,22,23,21,18,16,15
11121,23,21,20,18,17,17,18,17,18,19,19,16,13,12,14,16,22,24,22,17,14,14
11151,23,20,22,19,18,17,18,18,19,19,19,18,17,17,18,19,23,24,22,18,18,18
11176,24,22,20,18,17,16,17,16,18,19,19,16,14,14,15,17,21,23,22,17,15,14
11206,26,24,21,18,16,17,17,17,19,19,19,16,14,14,15,17,21,22,22,19,16,16
11276,26,24,21,18,16,17,16,18,20,20,19,16,13,11,12,14,20,22,22,19,14,14
11291,25,26,26,19,17,17,16,16,20,23,22,17,17,16,15,17,21,22,22,19,18,16
11316,24,25,23,18,17,17,15,18,19,21,20,16,14,12,10,13,19,23,22,19,14,13
12011,24,24,20,18,17,16,17,18,21,20,19,17,13,11,12,15,20,22,22,18,15,14
12041,23,25,23,18,17,17,16,17,19,20,19,17,14,13,13,15,18,21,21,18,14,14
12141,23,26,23,18,17,18,15,17,20,18,18,17,14,12,12,14,18,19,20,19,15,13
12181,24,26,24,17,17,16,17,17,19,19,17,16,14,12,12,14,17,19,20,18,15,13
12231,23,24,23,18,18,16,15,18,20,19,17,16,13,11,9,12,17,20,21,18,15,13
12261,24,25,24,18,17,17,16,18,20,21,20,16,15,13,13,14,18,20,21,19,16,14
12266,25,24,24,19,17,16,16,18,20,21,19,16,14,13,11,13,18,19,20,18,16,14
12301,24,25,25,19,19,17,16,17,20,21,21,17,16,14,12,14,18,20,21,19,16,15
12386,22,25,25,19,16,15,16,17,20,21,21,17,14,13,12,13,18,21,21,17,14,14
12396,22,24,25,18,17,15,15,16,20,22,21,17,14,13,12,14,17,20,21,18,15,14
12411,22,23,23,18,17,15,14,16,18,19,19,16,14,11,9,12,14,17,19,17,15,13
12442,23,25,24,19,18,17,16,16,19,22,21,17,17,15,13,14,19,21,22,19,18,16
12451,25,25,24,19,18,17,15,17,21,22,21,17,15,14,12,14,18,20,21,19,17,16
12512,25,25,24,19,17,15,14,16,20,20,20,16,14,13,11,13,17,20,21,18,15,15
12551,25,25,24,18,16,14,13,15,20,22,22,16,13,12,10,12,18,20,21,18,15,15
12596,26,26,25,20,17,15,14,17,21,23,22,19,15,13,11,13,19,21,23,20,17,15
12626,26,26,24,20,17,14,14,16,20,23,21,18,15,13,11,13,18,21,22,19,16,16
12632,26,26,24,20,17,13,13,15,19,21,20,17,13,11,10,11,19,21,21,18,16,15
12691,23,25,25,21,17,15,14,14,19,21,21,17,13,11,9,10,17,19,20,17,15,15
12746,22,24,24,19,18,15,14,15,19,21,21,16,12,11,9,11,16,21,20,17,14,14
15041,22,24,22,16,15,16,14,16,18,17,16,14,12,11,11,12,18,19,19,15,12,12
15076,21,24,23,18,16,15,15,16,19,20,20,16,14,12,10,12,18,20,20,17,14,14
13061,24,25,20,18,18,18,18,17,19,22,20,17,14,13,14,17,21,23,21,16,15,14
13086,25,24,20,18,17,18,18,17,19,21,20,17,15,14,15,16,21,22,21,17,16,16
13121,24,23,20,18,17,17,17,17,18,20,21,17,16,15,15,16,20,20,20,18,16,15
13146,23,22,18,17,17,17,17,17,18,20,20,16,18,19,19,20,21,21,20,18,20,20
13181,24,24,21,19,18,18,18,18,20,20,20,17,17,17,16,17,21,21,20,20,18,17
13261,24,24,23,18,17,17,16,17,20,22,22,17,14,13,13,15,20,21,22,18,14,14
13277,24,25,22,19,17,18,17,16,20,22,21,18,18,17,15,15,20,20,20,20,18,17
13311,26,26,23,19,17,17,17,18,21,21,21,17,15,15,15,16,21,20,21,18,16,16
13321,23,25,24,19,15,15,15,16,20,21,20,17,14,13,12,13,20,21,21,17,15,14
14026,24,26,24,20,17,18,17,17,21,22,21,18,16,15,15,16,21,21,21,19,17,17
14071,23,26,24,20,16,17,17,17,20,23,23,18,15,15,14,15,21,21,21,18,16,16
14101,23,25,24,20,17,15,16,17,21,23,23,18,17,15,14,14,19,21,20,18,17,16
14116,25,26,26,20,17,17,17,16,22,25,24,18,17,15,14,15,21,24,24,19,18,18
14121,24,26,24,20,16,17,15,16,21,24,22,18,16,15,13,15,20,21,21,18,17,17
14136,24,25,23,21,16,15,15,17,21,24,23,18,15,14,13,14,20,21,20,17,16,16
14163,25,25,25,21,20,19,17,17,21,23,23,19,19,18,17,17,20,21,23,21,20,19
14206,24,25,23,20,16,15,15,16,20,23,23,18,16,14,12,13,21,20,20,18,17,17
14286,23,23,21,19,16,16,16,15,18,21,21,16,16,15,14,15,19,19,19,17,16,16
15116,23,25,25,19,15,14,16,16,21,22,21,17,15,14,13,13,19,20,21,17,15,14
15161,23,26,25,18,15,15,15,17,21,21,20,17,15,14,12,13,19,21,21,17,15,15
15231,24,25,23,18,15,15,15,16,20,21,21,17,14,13,11,13,19,20,20,16,15,15
15241,24,25,24,19,17,15,15,17,21,22,21,17,16,14,13,14,19,21,21,17,16,15
15251,26,26,25,19,16,15,16,17,20,22,21,18,15,14,13,14,20,21,22,19,16,16
15311,23,26,24,19,15,14,16,17,21,23,23,18,16,14,13,14,20,21,20,17,16,15
15321,24,26,24,20,17,15,15,17,21,23,23,19,16,15,13,15,19,21,21,18,17,16
15356,24,25,24,20,17,16,17,17,20,23,23,18,17,16,14,15,20,21,20,18,18,17
15431,25,26,25,22,18,17,17,18,22,24,24,19,18,15,14,16,20,21,21,18,18,17
15442,23,23,22,19,16,14,14,15,19,21,21,16,14,13,12,14,18,20,20,17,15,15
16026,26,25,23,18,16,17,14,15,21,24,22,16,14,14,13,16,21,22,23,17,16,16
16061,24,25,23,20,18,19,16,16,20,22,23,18,17,17,16,17,19,21,22,20,18,18
16076,26,26,23,19,16,17,14,15,21,22,21,17,15,14,14,14,19,21,22,19,16,16
16091,25,27,25,20,18,17,16,18,23,22,22,19,18,17,16,17,19,20,21,20,19,18
16156,25,25,23,20,18,17,15,17,22,23,22,18,16,14,14,15,20,22,22,19,17,16
16206,24,24,22,20,17,14,16,16,21,22,21,18,15,13,12,12,19,21,22,19,17,15
16217,24,24,22,19,16,15,15,15,20,21,20,17,16,13,12,12,17,20,21,19,17,16
16252,24,26,23,20,17,18,16,18,22,23,22,17,16,16,16,18,20,21,22,18,17,18
16281,23,21,20,18,15,14,14,15,18,19,20,16,14,12,12,14,16,19,20,17,16,14
16286,24,25,22,19,15,13,14,15,19,21,20,17,13,11,10,12,17,21,21,18,15,14
16321,23,24,23,20,15,13,15,16,22,23,22,19,15,12,11,11,20,21,22,19,17,17
17036,24,27,26,20,18,18,17,17,20,22,22,18,16,15,14,16,19,22,23,20,16,15
17076,25,26,25,19,17,16,15,16,20,22,19,16,15,14,12,15,20,22,22,20,16,15
17091,24,26,26,19,17,16,15,16,20,19,18,15,13,13,10,12,19,23,23,18,15,13
17112,24,25,24,21,19,17,17,17,21,23,21,18,18,16,15,17,20,21,23,21,19,18
17166,25,26,25,22,18,16,16,17,21,22,21,18,16,15,14,16,20,22,22,20,18,17
17196,23,26,24,20,17,15,16,17,18,20,19,16,15,13,10,12,17,22,22,19,16,13
17246,25,25,26,24,19,16,15,17,22,24,23,18,15,14,13,16,22,25,24,19,18,17
17306,27,26,26,23,18,16,15,17,20,21,21,17,16,14,11,14,19,22,22,20,17,15
17316,26,26,25,22,18,14,12,16,20,22,20,16,15,13,10,13,20,22,21,19,16,16
17341,24,25,25,23,22,18,17,17,22,24,22,19,17,16,15,17,20,23,22,19,18,17
17351,27,28,27,24,20,17,14,16,21,23,22,17,15,14,13,16,21,23,24,19,16,16
17482,25,25,24,18,16,14,14,15,18,20,19,15,14,12,10,11,16,20,21,17,15,13
17501,26,26,26,21,17,14,14,16,20,21,20,16,14,13,10,12,19,21,22,19,15,14
17521,23,26,26,23,21,16,14,16,21,22,22,18,16,13,11,14,20,22,23,19,17,16
17546,24,25,25,22,21,19,15,17,23,24,23,18,16,13,12,16,21,23,23,19,17,16
17561,28,27,25,23,21,19,14,16,24,24,23,18,16,13,11,16,21,24,24,20,17,17
17596,24,25,24,20,17,13,13,15,19,21,20,16,14,12,11,13,18,20,21,17,15,14
17607,22,24,25,21,20,14,13,16,20,22,21,17,15,13,12,14,20,21,21,17,16,15
17631,24,26,26,22,21,17,14,17,21,22,22,17,14,13,11,14,20,23,23,18,16,16
17717,26,26,26,22,21,17,13,16,21,22,22,17,15,13,11,14,20,23,23,18,17,16
18038,21,22,23,21,20,19,15,16,21,24,24,17,16,15,14,16,20,22,22,18,17,16
18136,22,22,23,22,21,20,18,17,22,24,22,19,16,13,13,14,19,21,22,17,16,16
18161,23,23,23,20,20,20,16,16,22,24,23,19,15,11,10,14,20,23,22,18,16,15
18171,23,23,24,22,21,20,16,15,22,22,22,18,15,12,10,13,22,24,24,18,16,15
18256,23,23,23,21,21,20,17,17,22,23,23,18,15,11,10,15,21,24,24,17,16,16
18273,22,22,22,21,21,20,19,18,23,24,23,19,16,15,15,17,21,24,23,18,17,16
18281,22,23,24,20,20,20,18,17,23,26,25,17,15,14,14,16,21,23,23,17,16,16
18311,22,22,22,20,20,19,17,17,22,25,24,17,14,12,12,15,21,24,23,17,16,15
19021,22,23,23,21,20,18,12,14,20,22,21,16,13,9,8,13,19,22,22,17,16,15
19051,21,21,21,19,20,18,14,14,20,21,20,16,14,11,10,14,20,21,21,17,15,15
19076,22,23,24,21,18,15,12,14,19,22,21,17,14,10,9,12,18,21,20,18,15,15
19151,23,23,23,20,20,20,14,14,21,22,22,18,14,11,10,12,20,23,22,17,16,16
19191,21,23,23,21,21,20,14,15,21,23,22,19,15,12,10,14,20,23,22,18,17,17
19261,22,24,24,20,20,17,12,13,22,23,23,18,13,11,10,12,21,23,21,17,17,16
19311,21,22,23,21,21,20,17,16,23,26,25,19,15,13,12,16,19,21,20,17,16,16
19376,22,22,22,21,21,18,16,17,21,23,23,18,16,13,12,15,21,23,22,17,16,16
19416,21,22,22,20,20,18,14,14,22,24,23,18,14,13,12,15,21,21,21,17,17,16
19432,21,23,24,20,20,19,18,17,21,23,23,19,17,16,14,17,22,22,21,19,18,18
19451,20,23,22,20,20,19,18,18,21,21,21,17,16,15,15,16,19,21,20,16,16,17
20146,21,26,26,21,21,16,12,14,20,22,22,18,14,11,9,11,19,21,22,18,16,16
20186,21,23,22,19,16,10,10,13,18,21,20,14,12,10,8,10,17,20,20,16,13,13
20266,19,25,25,21,18,15,13,16,21,23,23,17,14,12,10,13,18,21,21,17,15,15
20276,21,28,27,24,21,17,15,16,21,23,23,19,15,13,12,13,20,23,24,20,17,17
20341,22,27,26,23,20,17,15,15,22,23,23,18,14,12,11,13,19,23,24,19,17,16
20356,20,25,25,21,19,16,15,17,21,23,22,18,16,13,12,13,18,20,21,18,16,15
20361,20,26,26,22,19,17,17,18,22,24,24,19,16,14,12,13,19,21,22,18,16,15
20371,20,26,25,21,19,16,13,17,22,24,24,19,16,13,11,13,19,22,22,17,16,15
20421,21,28,25,19,19,17,14,16,21,24,24,19,16,13,11,13,18,22,22,19,16,15
20432,21,27,25,21,20,18,14,16,21,23,24,19,17,15,13,14,20,23,23,19,17,16
20441,23,27,26,21,21,18,15,15,22,25,25,20,15,13,11,12,20,23,22,18,16,16
20506,24,25,25,22,20,18,15,15,21,23,23,20,15,14,13,14,22,24,24,19,17,17
20556,26,27,25,21,18,16,12,13,21,23,23,18,14,12,10,12,21,24,23,18,16,17
20601,25,25,23,19,16,15,13,16,21,23,23,19,14,11,10,12,18,21,20,17,15,14
20606,25,27,24,20,17,16,14,18,22,25,25,20,16,13,12,13,19,23,21,18,16,15
20631,21,23,23,21,19,17,15,16,21,23,24,19,15,14,13,13,23,24,24,18,17,17
20696,25,26,25,21,17,15,12,16,21,24,24,19,14,13,11,12,20,23,22,18,16,16
20751,23,25,24,21,19,17,17,18,21,24,24,20,17,15,15,15,19,23,21,18,17,16
21111,24,26,25,21,19,17,16,16,21,23,22,18,15,14,12,14,20,21,21,18,17,17
21126,24,25,24,20,18,15,16,16,20,22,22,17,14,12,12,13,17,21,22,18,15,15
21161,24,23,22,18,15,12,14,14,19,21,20,16,13,11,10,11,19,21,21,17,15,14
21171,23,24,21,19,16,13,14,16,20,22,22,16,15,13,12,14,20,21,20,17,16,15
21187,23,24,23,21,18,16,16,16,21,26,24,19,18,17,15,16,21,20,21,20,18,18
21226,25,25,23,19,17,16,14,16,22,23,24,18,16,15,14,15,20,21,22,19,18,17
21261,23,23,22,20,16,15,16,17,21,24,23,19,17,16,15,16,20,20,21,20,18,18
21276,25,25,25,22,20,18,18,18,21,24,23,19,16,15,14,16,20,21,21,19,18,18
21297,25,25,23,21,18,16,17,18,22,24,24,19,18,16,15,15,21,23,24,20,19,17
21312,23,24,21,19,16,15,16,16,20,23,23,16,16,15,14,15,20,22,23,17,17,16
21323,23,24,23,20,18,17,18,17,21,24,23,19,19,18,17,18,21,22,22,19,19,18
22036,23,25,25,20,19,17,15,16,20,22,22,18,14,12,10,10,16,22,22,18,16,15
22141,24,24,24,21,19,18,18,17,22,25,23,19,16,15,13,15,21,23,22,18,17,17
22156,24,24,25,21,20,17,15,16,21,23,23,18,14,13,12,14,19,23,22,18,14,15
22241,24,25,24,22,20,19,18,18,21,24,24,20,18,16,14,16,20,22,21,19,18,18
22291,24,25,25,21,21,19,16,18,21,23,23,19,14,11,11,13,21,23,22,17,14,15
22306,24,25,23,20,19,17,16,17,21,23,22,17,13,10,10,12,20,24,22,16,14,14
22327,23,23,23,21,20,18,17,19,20,21,22,19,17,15,13,16,20,22,21,18,17,17
22391,21,22,23,21,20,18,16,17,20,22,22,19,18,17,17,17,19,21,21,18,17,17
23031,23,24,22,20,16,16,14,15,21,22,22,18,15,15,14,15,20,20,21,19,18,17
23086,25,26,24,20,17,16,16,18,23,24,23,19,17,14,14,16,19,21,22,19,18,17
23166,24,26,23,21,17,18,18,17,22,24,22,18,16,15,14,15,19,22,23,19,17,18
23206,26,27,24,20,19,18,18,17,22,25,25,17,17,17,16,17,21,23,23,19,18,18
23226,26,27,24,21,18,17,17,16,22,23,24,19,17,15,14,15,21,23,24,20,18,18
23232,26,27,25,20,18,17,17,17,22,23,23,19,18,17,16,17,20,23,25,20,19,19
23326,25,26,23,21,18,17,17,17,22,23,23,19,17,15,14,16,20,22,22,19,18,18
23376,26,25,23,20,19,18,18,18,23,23,22,18,17,16,15,16,20,23,23,19,19,19
24141,24,25,24,20,18,19,17,17,21,22,22,19,17,16,16,17,20,21,22,20,19,19
24041,24,24,22,21,19,20,18,19,22,24,23,19,16,15,14,16,20,23,23,19,18,18
24051,24,24,22,20,17,16,16,18,24,23,23,19,15,13,11,13,19,22,23,19,17,18
24101,24,24,21,19,18,19,18,18,21,21,21,18,17,17,16,17,20,23,23,19,18,19
24201,23,25,23,20,17,17,18,16,21,22,22,18,15,13,12,13,19,23,23,19,17,16
24217,25,25,23,20,20,20,19,19,22,23,23,19,18,17,16,17,20,22,23,20,20,20
31001,26,26,24,21,20,18,19,20,23,24,22,19,18,17,16,18,20,23,23,20,19,19
31111,25,27,26,23,20,17,16,19,23,25,24,19,17,14,13,16,20,23,24,20,19,19
31121,26,27,26,24,21,19,18,20,24,25,24,19,16,15,14,16,21,23,24,20,20,20
31136,26,24,24,21,18,17,17,18,23,23,23,18,16,15,15,16,20,23,23,19,18,19
31156,25,26,24,22,19,17,17,19,23,24,23,19,17,16,15,16,20,22,22,20,19,19
31186,26,25,23,22,19,18,18,19,23,24,23,19,18,16,14,16,21,23,24,20,20,20
31201,26,27,25,23,20,17,16,17,23,24,23,19,16,15,13,16,21,23,23,20,20,20
31296,28,29,26,23,20,19,18,18,24,25,24,20,19,17,16,16,21,24,25,22,21,21
31312,27,29,27,23,21,21,18,20,24,26,24,21,20,19,17,18,21,26,25,23,21,21
31332,27,28,26,23,20,19,17,20,24,25,24,19,18,16,16,17,21,23,23,20,19,19
31336,26,27,27,22,20,18,17,20,24,24,23,18,17,16,15,17,20,22,22,19,19,19
31366,27,26,25,22,20,18,17,19,24,24,23,18,17,16,15,17,21,22,23,21,19,20
31436,25,25,24,21,20,18,17,18,22,25,24,18,17,18,16,17,21,24,24,21,19,19
31461,29,28,27,24,21,19,17,18,24,25,24,20,17,16,15,17,22,24,25,23,20,20
31466,28,27,26,23,20,20,18,18,24,24,23,19,17,16,15,16,21,24,24,22,20,20
31482,23,24,24,19,17,15,13,14,17,18,18,14,13,14,13,13,18,20,20,18,16,17
31506,27,28,28,24,22,19,18,19,25,26,25,20,18,16,16,16,22,24,23,20,19,20
31586,28,27,27,24,22,19,18,18,23,25,23,19,17,15,15,15,21,24,24,21,19,19
31602,28,27,27,24,23,21,19,18,24,27,25,21,19,17,16,16,22,24,24,21,20,20
31646,26,28,26,23,22,21,15,15,22,23,22,18,15,15,13,16,21,24,25,22,19,19
31662,25,25,25,22,21,19,15,15,20,23,23,17,15,14,13,13,19,22,23,21,18,18
31721,28,29,28,23,22,20,18,17,23,25,24,19,16,15,13,13,21,25,24,22,20,19
32056,25,26,26,23,20,18,17,19,22,24,23,18,18,18,17,19,22,23,24,22,20,20
32111,26,26,27,25,21,19,18,20,24,25,24,20,19,16,17,18,23,26,26,23,22,21
32126,26,29,26,25,23,20,18,17,24,25,24,20,17,15,15,16,22,26,27,24,21,21
32136,26,29,27,25,23,21,19,18,24,26,24,20,17,16,16,17,22,26,27,24,21,21
32146,25,28,27,23,22,20,18,16,23,23,23,19,16,15,14,15,21,24,25,22,21,19
32206,26,28,27,22,21,20,18,16,22,23,22,17,16,15,14,16,21,24,23,20,20,19
32266,25,26,25,21,20,19,16,15,20,22,21,16,14,13,12,14,19,23,23,19,19,18
32286,27,26,26,23,23,20,16,17,23,24,23,19,17,16,14,17,22,25,26,22,20,20
32287,29,28,28,24,23,20,18,19,25,26,26,20,18,17,16,17,23,26,27,23,21,21
32296,28,27,27,25,23,22,19,19,24,25,24,20,17,16,15,17,22,27,27,23,21,21
32311,28,28,27,24,23,21,18,17,23,24,23,19,17,15,14,16,21,25,26,22,21,20
32402,26,27,26,26,24,21,19,19,24,26,25,20,20,19,18,19,24,27,28,24,23,22
32407,28,27,27,24,23,21,19,17,24,24,22,19,17,16,14,17,22,25,26,23,22,21
32466,27,30,28,24,23,21,20,18,24,25,24,20,18,17,16,17,23,26,27,24,22,20
32476,26,30,28,23,23,21,18,16,23,23,23,19,17,16,15,17,22,25,26,22,22,20
32496,26,28,26,24,23,21,19,18,23,24,24,19,17,16,15,16,21,25,26,23,21,21
32551,26,29,27,24,23,21,20,20,24,25,25,20,19,17,16,18,23,26,27,24,23,21
32571,27,29,28,25,24,22,20,19,24,26,25,21,19,18,17,19,24,28,27,24,23,21
32581,28,30,28,25,24,23,20,18,24,25,25,20,17,15,15,18,23,26,26,24,22,21
32596,27,30,29,26,24,23,21,20,24,25,26,22,20,18,17,19,23,27,27,25,23,22
32616,26,28,28,25,25,23,21,20,24,25,25,21,21,19,18,20,24,26,26,25,24,21
32626,27,30,28,25,24,22,19,17,23,24,24,20,19,17,16,17,23,26,25,23,22,21
32691,27,30,28,25,23,23,21,20,23,25,25,21,18,16,16,18,22,25,26,23,22,21
32771,26,28,26,22,22,22,20,18,21,23,22,19,16,15,17,19,22,24,23,21,21,19
33006,27,28,27,23,21,20,17,17,24,25,24,19,18,16,15,16,21,22,21,19,19,18
33026,28,28,27,24,22,20,18,16,23,24,24,20,16,15,13,13,22,25,24,21,19,19
33071,27,28,27,23,22,20,18,17,23,24,23,19,16,15,13,15,21,24,24,22,20,19
33136,28,29,29,25,21,22,20,17,23,24,24,20,17,14,13,14,21,23,23,21,19,18
33146,28,29,30,25,21,21,18,17,23,26,25,20,18,16,15,16,22,24,24,21,19,18
33166,27,28,28,23,21,20,17,17,22,23,24,18,16,14,12,15,20,22,22,21,20,20
33176,24,26,27,22,20,19,16,16,21,22,22,18,15,13,11,13,19,21,21,20,19,18
33186,27,27,27,23,20,22,17,14,20,22,22,18,14,13,11,13,19,23,22,20,18,18
33206,27,27,27,24,22,21,19,16,23,26,25,19,18,17,16,17,22,23,24,20,20,19
33226,26,28,27,23,21,21,17,16,21,24,24,19,16,15,13,14,21,23,23,22,21,19
33296,26,29,28,24,23,23,20,16,22,25,24,20,18,16,14,14,21,24,24,23,22,20
33326,27,29,31,25,22,21,19,16,22,25,25,20,19,17,16,16,21,24,25,22,20,19
33336,26,28,27,24,23,21,20,17,23,25,25,20,19,19,17,17,23,23,24,21,21,19
33371,25,26,25,20,21,20,18,12,19,22,22,15,13,13,11,11,19,21,22,18,17,17
33421,26,29,28,24,21,22,18,16,22,25,24,20,17,15,13,15,21,25,26,22,21,19
33431,25,29,28,25,24,22,20,18,22,25,25,21,18,16,14,15,21,25,26,22,22,20
33441,24,25,25,21,21,20,17,14,18,21,21,17,15,13,11,12,18,22,21,18,18,17
33472,28,29,28,25,23,22,21,20,22,26,24,21,18,18,16,16,22,23,24,22,20,20
33486,25,28,27,22,21,21,16,14,21,23,23,18,14,13,12,14,20,23,23,20,19,18
33501,26,29,28,24,23,22,20,18,22,25,25,20,18,17,14,15,21,24,25,22,21,19
33526,27,29,29,24,22,22,19,17,21,26,25,19,18,17,15,16,21,25,25,21,20,19
33581,27,29,28,25,23,23,21,18,23,25,25,20,18,17,16,16,23,25,26,22,21,20
33616,27,28,27,25,25,23,23,20,23,26,25,21,19,19,17,17,22,23,24,21,20,19
33631,26,29,28,23,21,21,20,18,22,22,23,20,17,15,15,16,21,23,24,21,20,19
33671,26,27,28,24,23,22,20,18,21,24,25,20,18,17,16,16,20,23,25,20,20,18
33716,25,28,28,25,25,23,20,20,23,25,25,21,21,19,17,18,22,25,26,22,21,20
33751,29,30,30,26,26,23,22,20,23,27,27,22,20,19,18,18,24,25,26,23,22,21
33776,25,28,28,25,24,23,20,19,22,26,26,21,20,18,16,18,21,24,25,21,20,19
33781,27,29,29,26,25,23,21,20,23,26,25,21,20,18,17,18,23,26,26,22,21,20
33801,27,28,28,25,24,22,21,19,22,27,26,21,20,18,18,18,21,24,25,20,19,18
33877,27,26,27,24,24,23,21,19,22,25,25,22,19,19,18,19,23,24,25,20,20,20
33911,26,29,29,26,25,23,21,20,22,26,26,21,21,19,18,19,22,25,26,21,21,20
33921,26,29,29,25,24,22,21,19,21,25,25,21,19,18,16,17,22,26,25,20,19,18
34012,26,26,25,23,20,20,17,15,19,23,22,17,15,15,15,17,19,22,22,18,18,17
34026,26,26,27,24,24,22,21,18,21,25,25,21,20,18,17,19,22,24,23,20,19,18
34096,26,28,28,25,24,23,21,18,21,26,26,20,18,17,17,18,21,24,25,21,20,19
34111,26,28,29,25,24,23,21,19,22,25,25,20,18,18,17,19,22,26,27,20,19,19
34171,27,28,28,25,24,23,22,20,24,26,26,21,20,20,18,19,23,25,26,20,20,19
34186,26,27,27,25,24,23,23,19,23,26,25,22,20,19,18,19,22,24,24,20,20,19
34216,26,28,29,26,25,23,22,19,22,26,26,21,20,19,18,19,22,26,26,20,19,20
34266,26,28,28,26,24,24,23,20,22,25,25,20,19,19,19,19,22,26,24,20,19,20
34276,27,28,28,25,24,23,23,21,24,26,27,22,20,20,19,20,23,25,24,20,20,20
34292,25,26,27,25,25,24,23,21,23,25,24,22,22,21,20,20,23,24,24,20,20,19
34296,25,27,27,25,24,23,22,21,24,24,24,21,19,19,18,19,22,25,24,20,20,19
34311,27,28,28,24,22,22,21,18,22,24,23,19,17,16,16,17,21,24,24,19,19,20
34331,26,28,28,25,25,25,23,20,22,24,23,22,22,21,21,21,23,25,24,20,20,20
34392,27,29,29,26,26,25,24,21,23,25,24,23,22,22,21,21,23,26,25,21,20,21
34461,27,29,29,25,24,23,23,23,25,26,26,21,20,19,19,20,22,24,24,21,21,21
34462,27,29,29,25,24,22,21,19,24,25,25,20,18,18,18,19,23,25,24,20,19,20
34471,27,27,28,26,24,23,23,21,24,25,24,21,20,20,20,20,22,23,23,20,20,20
34506,27,29,29,26,24,24,23,23,26,26,26,21,20,20,20,20,23,26,24,21,21,21
35002,25,26,26,23,23,20,18,18,22,25,25,19,18,18,18,20,23,26,27,22,22,20
35052,26,30,29,26,24,23,19,19,24,25,25,21,21,19,19,21,25,27,26,25,24,22
35071,24,28,28,24,23,23,20,18,23,25,24,19,17,16,16,18,21,24,24,22,21,20
35116,25,29,28,25,23,23,20,19,23,25,24,20,17,16,16,18,22,25,26,23,21,20
35141,27,30,30,27,24,24,21,20,24,26,25,22,21,19,18,20,24,27,26,25,24,22
35146,27,29,28,25,24,23,21,20,24,24,24,21,19,18,18,20,23,26,26,24,23,22
35162,26,29,29,26,24,24,21,20,24,26,25,21,18,18,17,19,23,26,27,24,22,21
35176,26,28,29,25,24,23,21,19,23,25,25,21,18,18,17,18,22,25,25,22,21,20
35216,26,28,26,23,21,21,20,17,23,23,22,19,16,16,15,16,21,24,24,21,20,18
35231,26,28,28,27,25,24,21,20,23,24,24,21,20,19,18,20,23,26,26,23,22,21
35246,27,29,30,27,25,25,22,22,23,24,24,21,20,20,20,22,24,25,26,25,23,23
35332,26,30,29,25,24,23,21,20,23,26,25,21,20,19,18,19,23,26,27,24,22,21
35361,25,29,28,24,20,20,20,17,22,24,24,19,16,16,15,16,22,25,25,21,20,19
35376,25,28,28,25,23,22,21,20,22,23,24,20,18,18,17,18,22,26,27,23,21,20
35426,27,30,30,27,25,24,23,22,24,26,26,22,22,21,20,21,23,28,28,25,22,20
35456,25,29,29,26,24,23,22,19,22,24,24,21,20,19,19,19,23,25,26,22,21,20
35486,25,29,28,25,23,23,21,21,24,25,25,21,19,19,18,17,22,26,26,23,22,21
35511,27,30,30,27,24,23,22,21,25,26,26,22,20,20,20,20,24,26,27,22,22,21
35541,27,30,29,26,24,22,22,21,24,25,24,21,18,19,18,19,23,26,26,22,21,20
35552,26,29,30,26,24,22,22,20,24,25,25,21,20,20,20,20,23,26,27,22,21,21
36056,26,29,29,24,22,21,21,20,23,25,25,20,18,19,19,18,21,24,25,20,20,19
36066,28,30,30,27,25,24,23,24,26,27,27,23,21,20,20,22,23,26,26,23,22,21
36106,25,27,27,22,22,19,20,19,22,23,23,17,17,17,16,16,21,24,24,19,19,19
36127,28,30,31,27,26,25,23,22,24,26,26,23,23,22,22,22,23,26,27,23,23,21
36151,28,30,30,26,25,25,24,23,25,26,26,22,20,21,20,20,24,27,25,20,21,21
36176,25,30,30,25,24,23,22,21,24,26,26,21,19,19,19,19,23,27,26,22,21,20
36196,23,24,24,20,20,17,17,17,20,22,20,15,17,16,16,17,17,20,18,16,17,15
36221,27,29,27,24,24,23,21,21,22,24,24,20,18,18,18,18,21,24,23,19,19,18
36251,26,29,29,25,24,23,22,21,25,25,24,21,20,20,19,19,23,26,25,22,21,21
36276,26,28,28,24,23,21,21,20,23,25,25,19,19,19,18,18,23,25,25,21,21,19
36291,27,30,30,26,25,24,23,23,24,25,25,21,21,22,21,21,22,25,26,23,22,21
36342,25,29,29,23,22,22,21,21,24,24,24,19,20,20,19,20,23,26,25,21,21,20
36361,27,30,30,26,25,24,23,22,26,27,26,21,22,22,21,21,25,28,27,22,21,22
36391,27,29,27,24,23,23,22,22,24,26,25,20,18,19,18,19,22,25,25,19,19,19
36411,27,30,29,25,24,24,23,22,24,25,25,22,19,20,20,20,24,27,25,20,20,20
36426,25,29,28,25,23,22,22,21,25,26,25,20,21,21,21,20,24,28,28,23,22,21
36476,27,29,29,24,24,24,23,23,24,26,24,20,20,21,20,20,22,26,26,21,21,21
36501,27,29,28,24,23,23,21,22,24,26,24,20,18,18,18,17,20,24,24,19,18,18
36536,26,29,29,24,22,22,20,21,25,26,25,20,20,21,20,20,25,28,28,22,21,21
36562,26,27,27,23,21,21,19,20,23,25,24,17,18,19,17,17,20,23,24,19,19,19
36591,27,29,28,24,23,23,21,21,25,27,27,21,19,19,19,18,22,26,26,19,19,18
36611,27,29,28,25,25,24,23,22,24,25,25,21,20,20,20,20,24,25,25,21,21,20
36641,25,28,28,23,22,21,19,20,24,26,25,20,20,19,19,18,22,25,25,21,21,20
36667,25,27,28,24,24,24,22,21,24,26,25,19,19,20,20,19,21,25,25,21,21,20
36676,27,29,29,25,24,23,22,21,24,27,26,20,19,20,20,20,22,28,27,21,20,19
36716,24,27,26,20,21,18,17,18,21,25,24,18,18,18,17,17,21,25,23,20,19,18
36821,26,28,28,25,23,23,23,21,24,26,26,21,19,20,20,20,22,27,27,21,19,20
36836,27,29,29,25,24,24,23,22,26,27,26,21,20,20,20,20,23,25,25,20,19,19
36846,25,27,27,24,24,24,23,23,25,26,26,21,22,21,20,20,23,24,24,21,21,21
40046,26,27,27,24,23,23,23,22,25,26,26,21,20,19,19,20,22,24,24,20,20,20
40061,26,30,30,26,24,24,23,22,25,27,27,23,20,21,20,20,22,27,27,22,20,20
40091,26,29,29,26,24,24,23,23,25,28,27,22,20,20,19,20,22,25,26,22,20,20
40136,27,28,27,25,25,24,24,24,25,28,25,21,21,21,21,21,22,24,25,22,22,22
40191,27,29,29,26,25,25,24,24,25,29,27,22,20,20,19,20,22,25,26,22,21,21
40201,27,29,29,26,25,25,25,25,26,29,26,21,20,21,21,21,23,26,25,22,22,22
40221,27,28,29,27,26,26,25,25,28,29,29,23,20,19,20,21,23,26,28,25,22,22
40231,27,29,30,26,25,25,24,25,27,29,29,22,20,18,19,21,23,26,28,23,21,21
40281,27,29,29,26,25,25,24,25,28,29,28,22,19,18,19,20,23,25,26,23,21,21
40311,27,28,29,26,25,24,24,24,27,29,26,21,20,20,20,21,23,26,25,22,21,21
40336,27,29,29,26,25,25,25,25,29,27,27,22,20,20,20,20,24,26,26,23,22,22
40341,27,29,29,27,26,25,25,26,29,28,27,22,20,20,20,21,24,26,26,23,22,22
40406,27,29,28,26,25,25,24,25,29,28,26,22,20,21,21,22,24,25,25,22,22,22
40426,28,29,29,26,25,25,24,25,29,28,26,22,20,20,20,21,24,25,26,22,22,22
41011,25,26,26,22,21,20,18,20,22,24,22,18,18,18,17,17,19,23,23,19,19,18
41076,25,26,26,23,22,21,19,19,24,25,24,20,20,21,20,20,21,24,23,21,21,21
41091,25,26,27,24,23,23,22,23,25,26,24,23,22,20,20,19,22,26,27,23,21,20
41116,24,27,26,21,21,19,17,18,24,25,22,19,19,19,18,18,21,25,24,19,19,19
41141,26,28,29,25,25,24,23,24,26,27,25,24,21,22,21,21,23,28,28,23,21,21
41166,23,25,24,21,20,17,17,18,22,23,21,18,18,17,16,16,19,22,23,18,18,18
41171,26,27,27,24,23,23,21,21,25,26,25,23,21,20,20,20,21,25,26,23,22,21
41181,26,28,28,25,24,24,23,23,26,26,24,23,21,21,21,20,22,26,27,22,21,20
41247,27,28,28,25,24,24,23,23,25,27,27,22,20,20,20,20,22,26,28,22,20,20
41271,26,28,29,26,25,24,23,24,27,27,27,23,21,22,21,22,23,27,28,24,22,21
41277,27,28,29,26,26,25,25,25,26,27,28,22,22,23,23,22,23,27,28,25,23,23
41331,27,28,29,26,25,25,24,25,26,28,27,22,20,19,20,21,22,26,27,24,22,21
41361,27,29,30,29,26,26,25,25,28,29,29,24,22,22,22,22,24,27,29,26,24,23
41376,27,28,29,27,26,25,25,25,28,28,28,23,21,21,21,23,24,26,28,24,22,22
42046,23,28,28,22,21,20,19,20,23,27,26,19,20,20,19,19,22,25,24,20,21,20
42091,25,28,28,24,22,21,20,21,25,28,25,21,21,21,20,20,23,26,26,21,21,21
42121,21,25,23,21,20,19,18,17,22,24,22,19,19,17,16,16,20,22,21,17,18,18
42146,26,29,29,25,24,23,21,20,26,29,28,23,22,21,21,21,24,27,28,24,23,22
42186,25,29,29,25,24,23,21,21,25,28,28,23,22,21,20,20,23,27,27,23,23,22
42221,22,25,25,21,20,19,18,17,22,25,25,20,19,17,16,16,19,21,21,18,18,18
42251,27,29,29,27,26,26,24,23,26,30,29,25,22,22,22,22,24,28,28,26,25,25
42266,28,29,30,26,25,25,24,24,28,29,29,25,22,22,21,22,25,28,29,26,24,23
42286,27,30,30,26,25,24,22,22,27,30,29,25,21,20,20,21,24,28,28,24,23,23
42302,28,29,29,28,27,26,25,24,28,30,30,26,22,22,23,22,24,28,29,26,25,24
42326,25,29,29,25,24,22,21,22,25,28,28,25,22,21,20,20,24,27,27,23,22,22
42366,27,28,29,28,27,26,25,26,27,29,29,24,20,20,20,21,23,27,29,26,24,23
42396,25,28,28,24,24,22,21,21,26,28,26,23,21,20,19,19,22,25,26,22,22,22
43051,27,28,30,26,25,24,23,24,27,30,30,25,21,19,19,21,23,26,28,24,23,22
43056,27,28,29,27,27,26,26,24,27,29,29,24,19,19,20,22,24,28,29,26,24,23
43126,27,29,29,27,27,25,25,25,28,29,29,23,19,17,19,20,24,27,28,25,23,22
43156,26,28,29,27,25,24,22,22,26,28,28,24,22,21,20,21,24,27,28,25,24,23
43171,28,29,30,27,25,25,24,23,27,30,30,24,22,21,20,21,23,28,29,26,24,23
43241,27,29,29,28,27,26,26,26,27,30,30,24,21,19,20,20,23,27,27,25,24,24
43256,27,30,30,27,27,26,25,25,29,30,29,23,20,18,19,20,23,27,27,24,24,24
43266,27,28,29,26,25,25,25,24,26,28,28,24,20,18,19,20,23,27,28,24,23,23
44046,25,27,28,25,23,21,20,21,24,27,25,23,21,20,19,19,22,25,26,22,22,21
44056,27,28,29,27,26,25,23,23,26,29,28,24,22,20,20,20,24,27,28,25,24,23
44071,28,29,30,27,27,26,26,26,27,29,30,24,21,19,19,20,23,27,28,24,24,24
44112,27,29,29,27,26,25,24,24,26,29,29,24,23,21,20,20,23,28,29,25,24,24
44116,28,29,30,27,26,26,25,25,27,29,29,24,21,18,19,19,23,27,28,24,24,24
44132,28,30,30,27,27,26,26,26,28,30,29,24,21,19,19,19,24,27,28,24,24,24
44136,28,30,30,27,26,26,25,26,29,32,30,25,21,19,19,20,24,27,28,24,24,25
44172,27,32,30,27,26,25,25,26,29,31,30,25,24,21,20,21,24,27,28,24,24,24
44226,29,31,30,27,26,26,26,26,31,30,30,27,26,25,24,23,26,28,29,25,24,24
44263,28,30,28,26,25,25,24,25,30,29,27,26,25,24,24,25,29,30,30,25,24,24
44301,31,31,31,27,26,25,25,26,29,31,31,27,27,26,26,27,29,31,30,28,27,26
45061,27,29,29,26,25,25,24,25,28,29,27,22,19,18,18,19,24,26,27,22,21,22
45081,27,29,28,26,25,25,24,25,28,27,25,22,20,20,21,22,24,25,25,22,21,22
45106,27,30,30,27,26,26,25,26,29,29,28,23,20,19,18,20,25,26,27,24,23,23
45116,28,29,29,27,26,26,25,25,29,28,27,22,20,20,20,21,25,26,27,23,22,23
45147,27,30,28,24,24,24,23,23,27,27,24,21,21,21,21,21,23,24,23,21,22,22
45181,28,29,28,26,25,24,24,24,28,29,26,22,20,21,21,22,25,26,27,22,22,22
45212,28,29,29,27,27,27,26,26,29,29,28,24,20,20,20,21,26,28,28,24,24,24
45261,28,30,28,27,26,26,25,25,29,29,27,23,20,20,20,22,25,26,27,24,23,23
45282,28,30,29,26,25,25,25,25,28,31,28,22,19,19,19,20,24,28,28,24,23,24
45291,28,30,29,27,25,25,24,25,29,29,27,23,20,19,20,21,26,27,27,24,23,23
45326,27,30,29,26,25,25,23,24,28,29,26,21,20,19,19,20,24,27,27,23,22,22
45361,28,31,28,26,25,25,24,25,29,30,30,23,20,20,20,21,25,27,28,24,23,23
45371,27,29,30,26,25,24,23,25,27,29,29,22,21,20,20,21,25,26,26,23,23,23
45401,28,31,29,27,25,25,24,25,29,31,29,24,21,19,19,21,25,28,29,24,23,23
46091,28,31,30,27,26,26,25,25,28,30,30,25,22,18,19,19,24,29,28,24,24,24
46106,28,30,30,27,27,26,26,26,28,31,30,25,22,20,20,20,24,28,29,24,24,25
46141,28,30,31,26,26,26,25,26,29,31,31,25,22,19,19,20,24,28,29,24,24,25
46166,27,29,31,27,26,25,23,24,28,31,30,26,24,21,20,21,25,27,29,24,24,23
46211,28,30,30,27,25,25,25,26,28,31,30,25,21,19,19,20,24,28,28,24,24,24
48031,23,27,27,24,21,21,20,19,22,26,25,20,19,20,19,19,22,27,27,23,21,21
48061,24,28,28,22,21,21,20,19,22,24,23,18,18,19,20,20,24,26,24,22,21,22
48066,27,29,30,25,24,24,22,21,25,28,28,20,21,22,21,21,25,29,28,23,23,23
48141,21,27,27,23,22,20,19,18,22,26,25,19,19,19,19,20,22,26,25,22,21,21
48156,26,29,29,25,24,23,23,22,24,27,27,21,22,23,23,23,25,28,27,25,23,24
48191,24,26,27,23,22,22,22,19,23,25,26,21,20,20,20,20,23,27,26,22,21,21
48196,25,27,28,25,23,23,22,20,23,26,27,22,21,21,21,21,24,27,27,24,22,22
48216,21,24,25,21,19,18,18,17,20,23,23,18,18,17,17,17,20,23,22,18,18,18
48256,25,28,29,25,25,24,23,21,26,29,29,23,23,23,21,21,25,28,27,24,24,23
48296,25,29,29,25,24,23,23,21,24,27,28,23,22,23,22,22,25,27,26,25,23,23
48321,23,26,27,23,21,20,20,19,22,26,26,21,20,19,17,18,22,25,26,21,20,20
48331,21,26,26,22,21,19,19,19,22,25,25,21,20,17,16,17,20,24,23,19,19,19
48361,25,29,28,25,24,23,22,22,25,29,29,23,23,23,22,22,25,27,27,24,24,24
48381,24,28,29,23,22,21,21,20,24,27,28,21,22,21,20,20,24,27,26,22,22,22
48386,24,29,30,25,24,22,22,22,25,28,28,24,22,21,19,19,25,28,28,23,22,22
48466,23,27,27,22,20,19,18,17,24,29,28,22,20,20,19,19,23,24,23,20,20,21
48491,24,27,27,25,24,23,22,22,24,27,27,24,23,22,22,22,23,26,26,22,23,23
48531,21,24,25,21,19,18,18,17,23,26,26,21,20,19,19,19,20,24,23,20,20,20
48536,23,26,27,23,21,20,19,19,23,29,28,22,21,21,20,20,21,26,25,21,21,21
48546,24,27,27,24,23,22,21,21,25,27,28,23,23,23,22,22,24,26,25,22,23,23
48561,23,26,27,23,21,20,19,19,23,26,28,23,21,20,20,20,23,24,25,21,21,21
48571,21,24,25,21,20,18,16,16,20,23,24,20,19,18,17,17,20,24,22,19,19,20
48606,24,27,27,24,22,21,22,20,25,29,29,24,23,22,21,21,24,26,25,23,22,22
48621,24,28,28,25,23,22,21,20,25,29,29,24,23,23,22,22,24,26,26,24,23,23
48717,25,28,28,23,22,23,22,21,25,31,29,24,23,22,21,21,24,26,25,23,22,22
48731,23,27,27,23,22,21,20,20,24,27,28,24,22,22,21,21,23,26,24,22,21,22
48767,25,28,28,26,24,24,23,21,25,31,30,26,24,23,23,23,25,28,27,25,24,24
48826,23,25,27,22,19,16,17,18,23,28,27,22,21,20,19,19,22,24,22,20,20,20
48841,26,30,30,26,23,22,21,20,26,32,32,26,24,23,23,22,24,28,28,25,23,23
49036,23,26,27,24,23,22,19,19,24,26,27,24,22,21,20,20,23,27,26,22,22,22
49086,26,28,29,25,24,23,22,22,26,29,29,25,23,22,22,22,25,29,28,23,23,23
49142,26,29,29,27,26,25,24,24,27,29,30,26,25,23,22,23,26,30,29,26,25,25
49151,26,29,30,27,26,25,24,23,26,29,31,26,24,22,21,22,25,29,29,25,24,24
49161,26,28,29,26,23,22,21,22,26,29,29,24,22,21,20,20,23,27,28,24,23,22
49196,25,28,28,24,23,22,20,21,26,29,28,24,23,21,20,20,24,27,27,23,22,22
49236,25,29,29,27,25,23,22,22,26,30,30,26,24,23,23,23,25,28,28,25,24,24
49251,24,26,27,24,22,21,19,19,23,26,26,22,21,19,18,18,21,26,25,21,21,21
49256,23,25,26,22,20,19,18,18,23,25,24,22,21,19,17,17,20,24,24,20,20,20
49316,27,30,30,27,26,25,23,23,27,32,31,27,25,24,24,23,26,28,28,25,25,24
50106,23,26,26,23,21,18,17,17,22,27,25,22,21,21,20,20,21,25,25,21,21,20
50136,25,27,28,24,24,23,22,23,26,28,28,24,22,21,19,20,22,25,26,22,22,22
50196,27,30,30,28,27,26,25,25,28,31,30,28,26,25,23,23,25,28,28,25,25,25
50206,27,30,31,28,27,27,25,25,28,31,30,27,26,24,23,23,25,28,29,25,25,25
50226,26,29,30,25,25,24,23,23,26,30,31,25,24,25,24,24,24,28,29,24,24,23
50241,26,29,30,25,24,22,20,20,25,31,30,25,24,24,23,23,24,28,28,24,23,22
50261,28,31,31,27,27,25,24,25,28,32,33,27,26,25,23,23,26,28,28,25,24,24
50281,27,28,30,27,26,26,25,25,27,28,29,25,24,21,20,21,23,25,26,24,24,25
50331,27,30,30,28,27,26,25,24,28,31,31,27,26,25,24,23,26,29,28,25,25,24
50386,26,29,30,27,26,24,23,22,26,31,31,26,24,23,24,23,24,29,29,25,24,23
50456,27,31,31,28,28,27,26,26,29,31,31,28,26,25,25,24,26,29,29,26,25,25
50476,26,29,28,26,26,25,24,24,27,29,29,25,24,23,22,22,24,27,27,23,23,23
50491,29,30,31,28,26,25,25,25,29,30,30,26,24,22,21,21,25,28,29,25,23,23
50506,28,30,31,27,25,25,24,25,29,30,29,25,24,21,20,21,23,27,27,23,23,23
50536,28,30,30,28,27,26,25,25,29,31,31,27,25,24,23,23,26,28,28,25,24,24
50551,27,30,30,27,27,26,25,26,28,31,32,27,26,24,23,22,25,27,28,25,25,25
50561,28,30,29,26,26,26,25,26,30,29,27,25,24,22,21,21,24,27,26,24,24,24
51031,28,32,32,28,27,26,22,24,29,32,32,26,24,24,24,24,26,29,28,26,25,25
51071,26,29,28,24,23,22,23,23,26,30,31,24,23,23,22,22,24,26,26,23,23,23
51106,29,32,32,28,28,28,25,23,28,31,32,26,26,25,25,24,26,27,28,26,25,25
51116,29,32,33,28,27,25,25,25,28,31,32,27,26,25,24,24,25,28,28,27,25,24
51216,29,32,32,28,28,27,25,23,28,31,31,27,26,25,24,24,25,28,29,26,25,25
51226,29,31,32,27,26,26,25,25,27,30,31,27,26,25,25,24,25,27,28,26,25,25
51247,27,30,30,27,25,24,23,23,27,31,30,26,26,25,24,24,26,27,28,24,24,24
51281,29,32,32,28,27,26,26,26,27,31,31,27,26,25,24,24,25,28,28,25,25,25
51311,28,32,32,29,27,26,25,23,27,30,32,28,26,25,24,24,25,29,28,26,25,25
51331,29,31,32,28,27,26,25,25,27,32,31,27,26,25,24,23,26,28,28,25,25,25
51346,29,31,32,29,27,26,25,24,28,31,32,28,27,26,25,24,26,28,29,26,26,25
52041,26,28,27,25,23,22,21,20,23,28,26,22,21,21,21,21,24,26,25,23,22,22
52051,25,28,28,25,24,23,22,21,23,28,27,22,21,22,22,21,25,27,26,23,23,22
52081,26,28,29,25,22,20,20,21,24,28,28,22,21,21,21,20,23,27,26,23,22,21
52111,23,27,27,22,21,20,20,19,24,29,28,22,21,20,20,20,23,25,23,21,21,20
52146,26,28,27,25,24,23,22,21,24,29,29,22,22,23,22,22,25,26,26,24,22,23
52181,22,25,26,23,20,18,19,17,21,27,27,21,18,19,19,19,22,21,21,20,20,20
52196,23,27,26,23,20,20,20,19,24,27,27,22,20,20,19,19,23,24,23,21,20,20
52221,24,27,29,24,23,21,20,19,24,31,29,23,22,22,22,21,22,23,24,22,22,21
52286,25,28,29,26,24,23,22,21,26,30,30,24,23,23,23,22,24,24,24,23,23,22
52331,25,29,30,26,24,24,22,21,26,32,32,25,24,24,24,23,24,24,24,24,23,23
52346,25,28,28,26,24,24,23,21,27,32,31,26,24,23,23,22,25,24,24,24,23,23
52381,25,30,30,25,24,22,21,21,26,30,29,23,22,22,23,23,24,24,25,24,23,23
52406,25,29,29,27,25,24,24,22,25,32,31,25,23,24,23,23,24,25,26,24,23,23
52461,27,30,31,26,26,25,24,23,27,31,31,24,24,24,24,24,26,26,26,25,24,24
52482,25,27,28,25,23,23,23,22,26,30,29,24,23,22,22,21,24,24,24,23,22,22
52511,27,30,30,28,26,23,22,24,28,31,31,25,24,24,24,24,25,27,28,26,25,24
52536,27,30,31,28,27,26,25,23,27,31,31,26,24,25,25,25,27,29,27,26,24,24
52556,26,29,30,26,25,24,24,23,27,32,32,26,24,24,23,23,25,28,27,25,23,23
52557,26,29,30,26,24,24,23,22,26,31,32,26,23,24,23,23,25,28,26,24,23,23
52571,27,30,30,28,26,23,23,24,27,30,30,25,23,23,23,24,25,28,27,25,24,24
52581,28,31,31,28,28,26,23,24,27,31,31,26,25,25,25,25,26,28,29,26,26,25
52586,28,31,31,28,28,28,23,24,28,32,32,26,23,24,25,25,26,28,29,26,24,25
52606,28,32,32,28,26,25,25,23,28,32,32,27,24,24,25,24,26,29,29,27,24,24
53041,27,32,33,29,28,27,23,24,28,32,32,27,25,25,25,24,26,28,30,27,25,25
53061,27,31,31,27,26,25,23,24,27,30,31,25,24,25,24,24,25,27,29,26,25,25
53091,28,31,30,27,26,24,23,23,27,29,29,25,23,22,23,24,26,28,28,26,25,24
53112,28,31,30,28,27,24,24,24,27,30,30,25,24,23,22,24,26,30,30,27,25,24
53133,29,30,29,28,28,25,23,25,27,30,30,26,25,24,25,25,27,29,29,27,26,25
53196,29,32,31,27,26,26,23,23,28,30,31,28,26,25,25,24,26,30,30,26,25,24
53231,28,30,29,26,25,24,22,23,27,30,30,26,24,24,24,24,26,29,29,25,24,24
53257,28,30,30,27,26,25,23,22,26,29,30,27,25,25,25,25,25,29,28,26,25,25
53296,30,32,31,27,26,24,23,24,28,31,29,26,25,25,24,24,26,29,29,26,25,25
53326,30,31,30,27,26,24,24,23,29,32,31,27,26,25,25,25,27,29,30,26,25,25
53378,28,30,29,27,26,24,23,24,28,31,30,27,25,24,24,24,26,29,28,26,25,25
53401,29,31,30,27,26,25,24,24,28,31,30,27,25,24,25,25,27,29,30,26,25,25
54012,27,29,29,25,25,24,21,19,24,25,25,20,21,21,21,22,25,27,27,23,23,23
54041,29,29,28,24,24,22,19,19,23,25,24,19,18,18,19,20,24,25,25,22,21,22
54086,27,30,30,26,25,25,21,21,24,25,24,21,21,20,19,19,24,29,28,25,24,23
54157,28,31,30,26,26,23,21,19,23,24,25,21,19,18,18,18,24,26,27,24,22,22
54166,28,30,30,26,25,24,21,20,24,25,26,22,19,19,19,20,25,26,26,24,22,21
54181,27,31,30,26,25,25,21,20,24,26,25,21,22,21,20,21,25,28,27,25,24,23
54191,26,29,30,26,25,24,23,21,25,26,25,23,20,19,19,20,24,28,27,25,23,23
54232,28,31,30,27,25,25,21,20,23,25,25,21,21,22,21,22,25,28,26,24,24,24
54271,28,31,31,27,25,24,20,19,23,26,26,21,18,17,18,19,26,27,27,24,23,22
54296,28,31,31,26,25,25,22,22,25,27,28,22,20,21,21,21,25,29,27,24,23,23
54341,28,32,31,26,24,24,21,20,24,26,25,21,20,20,20,21,25,27,25,23,23,23
54387,28,30,31,26,24,24,21,19,24,27,26,21,20,20,21,21,25,27,24,24,23,23
54396,28,32,31,27,25,25,24,23,24,25,25,21,21,22,22,22,25,28,26,25,23,24
54421,26,30,29,24,24,23,22,21,24,25,25,20,20,21,20,19,23,26,25,22,22,22
54501,27,30,30,26,26,25,24,23,25,25,26,21,21,22,22,22,25,27,25,25,23,24
54541,29,31,29,26,25,24,24,23,25,25,25,22,20,21,21,21,26,26,24,24,23,23
54566,26,29,27,25,23,23,22,21,24,25,25,20,21,21,21,21,24,27,26,23,22,22
54586,28,30,29,26,26,25,23,22,24,25,25,22,20,21,21,22,26,26,25,24,24,24
54616,27,29,29,26,24,23,23,23,25,26,26,22,21,22,22,21,25,28,26,25,23,23
54651,29,31,30,26,26,24,24,21,26,27,25,22,20,21,20,21,26,27,25,24,24,23
54661,26,29,29,25,24,24,24,22,24,26,26,21,20,20,20,21,25,26,25,23,22,22
54676,27,29,29,25,24,23,23,22,24,26,25,21,19,20,20,21,25,27,25,23,23,22
54711,28,30,30,27,25,24,23,21,23,26,26,22,21,22,21,22,26,28,27,25,24,24
54721,28,29,28,25,24,23,22,20,23,25,24,21,20,20,20,20,25,26,25,23,22,23
54816,26,29,28,24,23,23,21,19,23,24,25,19,19,20,21,23,25,26,25,23,22,23
54836,26,27,27,24,23,23,21,19,21,24,24,21,21,21,21,21,24,27,26,23,22,22
54841,27,29,28,25,23,22,21,21,23,26,26,22,22,23,22,21,25,28,29,25,23,23
55022,28,30,29,26,24,24,22,21,24,25,27,22,20,20,20,21,26,27,26,24,23,23
55041,28,29,29,25,24,24,23,22,23,25,24,21,21,21,21,22,25,24,23,23,22,23
55056,28,30,29,27,25,24,23,21,24,26,27,22,21,21,21,22,27,28,27,25,23,23
55091,29,30,30,27,25,25,23,21,23,26,25,22,22,22,22,22,25,25,25,24,24,24
55102,28,31,30,27,25,25,25,22,24,26,25,22,21,22,22,22,27,27,26,24,24,24
55141,28,30,30,27,25,24,24,21,24,26,26,22,21,21,21,21,25,27,26,24,24,23
55166,26,29,28,25,24,24,22,22,23,26,26,22,21,21,21,21,25,28,28,23,23,22
55191,27,30,31,27,25,24,23,22,24,26,25,22,21,20,20,21,24,28,29,25,24,24
55206,28,30,29,26,24,25,24,22,24,26,25,22,20,20,21,22,26,27,27,24,23,23
56036,29,30,31,25,25,24,21,18,24,25,26,21,19,19,18,18,24,25,25,24,22,22
56052,29,30,30,25,24,24,21,19,24,25,24,21,19,19,19,19,23,25,24,23,23,24
56116,28,29,29,26,25,24,21,20,24,26,26,22,20,20,21,22,26,26,26,24,24,24
56146,29,29,30,25,25,25,22,21,24,26,25,21,19,19,21,22,25,25,24,23,22,23
56176,29,29,30,26,25,25,21,21,23,25,24,21,20,21,21,22,26,27,26,24,23,24
56186,28,30,29,26,25,24,22,21,23,26,25,21,20,20,20,22,26,26,26,25,24,24
56227,28,31,31,27,26,26,24,22,24,27,25,22,22,23,23,23,26,29,28,26,27,26
56276,28,31,30,27,25,24,24,22,25,28,25,22,22,22,22,23,26,28,28,26,25,25
56286,26,29,30,26,25,23,21,23,25,28,26,23,21,21,20,21,24,28,29,25,24,23
56301,27,30,29,25,24,23,22,23,25,28,26,21,19,20,20,21,26,28,27,23,23,23
57001,28,31,30,26,25,24,24,22,25,27,25,22,22,22,22,22,26,28,27,25,25,24
57051,28,32,31,26,25,24,24,22,25,28,25,22,22,23,23,24,25,29,30,26,25,26
57066,28,30,31,27,26,25,25,23,27,30,27,24,23,24,23,23,25,30,30,27,26,25
57082,27,29,29,26,24,23,22,22,26,29,28,23,23,24,24,23,25,27,28,26,24,24
57121,28,29,29,27,26,24,23,23,26,29,28,23,23,24,24,23,25,27,29,26,24,24
57206,28,30,30,26,25,24,23,23,27,29,28,23,22,22,21,21,25,28,28,25,24,24
57248,29,31,31,28,26,25,25,25,28,29,28,24,24,25,24,23,26,29,30,27,26,26
57286,30,31,31,27,24,24,24,25,28,29,28,24,23,23,23,22,27,29,30,27,26,26
57317,29,31,30,27,25,25,25,24,27,30,27,24,23,23,22,21,26,30,29,27,25,25
60051,28,30,30,27,24,25,25,25,26,30,28,24,23,23,23,24,26,29,28,26,25,25
60061,29,32,31,28,24,24,24,24,27,30,29,24,22,22,22,24,27,30,29,27,25,25
60102,28,29,30,26,24,23,23,24,26,29,29,24,22,21,22,23,26,29,28,25,24,24
60116,28,30,30,28,25,25,25,25,27,30,29,26,24,22,23,23,27,29,29,26,25,26
60131,29,32,32,27,25,25,25,25,27,31,31,25,23,22,23,24,28,30,29,27,26,26
60196,29,30,30,27,25,24,24,24,27,30,30,25,22,21,21,23,27,30,30,26,25,24
60216,30,31,31,28,26,24,24,24,27,30,30,25,24,23,23,23,27,30,30,27,26,25
60226,28,29,29,26,23,22,22,22,26,29,29,23,20,19,20,21,26,28,28,25,23,23
60236,28,29,29,27,24,23,23,23,26,29,30,24,21,21,21,23,26,29,28,25,24,23
61001,29,30,30,26,24,24,24,22,23,23,22,21,21,21,22,23,26,28,28,26,25,25
61076,29,32,32,26,24,24,23,23,26,27,27,23,21,21,21,22,26,29,29,27,25,25
61111,29,31,31,26,25,25,24,24,26,28,27,23,22,23,22,22,26,30,29,27,25,25
61187,29,31,32,25,25,25,25,24,26,28,28,23,22,21,22,23,25,29,29,28,26,26
61206,28,30,30,26,24,23,23,22,26,29,27,22,21,20,20,20,25,28,28,25,23,23
61242,29,31,31,27,24,24,24,23,27,30,29,24,21,20,20,21,26,29,29,26,24,24
61286,30,32,32,28,26,25,25,25,28,31,30,26,25,24,24,23,26,30,29,27,26,26
61326,29,31,30,27,26,25,24,24,27,30,30,26,23,21,22,23,27,29,30,27,26,25
62016,29,29,30,27,24,23,23,23,27,29,30,24,22,21,21,20,25,29,29,26,24,24
62046,30,31,31,27,27,25,25,24,28,31,31,26,24,23,22,23,28,31,30,28,26,26
62078,30,32,32,29,28,26,25,26,27,31,31,28,24,24,24,25,28,30,30,28,27,26
62081,26,27,27,22,23,22,21,20,23,26,27,22,19,19,20,21,25,27,27,24,22,23
62091,30,32,32,28,27,27,24,24,27,31,32,28,25,23,24,24,29,30,31,27,27,26
62131,29,31,31,27,26,26,24,24,27,30,30,27,24,24,24,25,28,30,30,27,26,26
63016,29,32,31,26,24,24,23,22,24,25,24,20,21,22,23,22,24,28,29,26,24,25
63051,27,31,31,26,25,25,25,24,27,27,26,23,22,23,22,22,24,29,30,27,26,25
63071,26,27,26,22,21,22,21,21,21,24,24,20,20,20,19,20,23,26,27,23,23,23
63121,28,30,31,25,24,24,24,23,26,27,27,23,23,22,22,20,23,29,29,27,26,26
63201,28,31,31,25,24,24,23,23,25,29,27,23,22,22,21,21,23,28,29,26,25,25
63216,28,30,31,27,25,25,25,24,27,28,28,24,23,22,21,22,24,29,29,27,25,25
63251,28,31,31,26,24,23,22,23,26,30,27,23,21,21,21,20,23,27,28,26,25,25
63321,29,31,32,28,25,25,24,24,27,30,28,25,23,23,22,22,24,29,30,27,26,26
63331,29,31,31,28,26,25,24,23,27,30,28,24,22,22,22,21,25,30,30,27,25,26
63366,28,32,32,28,26,25,24,23,26,30,29,26,23,22,22,21,25,30,30,27,26,26
63383,29,31,31,28,27,26,25,24,27,30,28,26,23,23,22,22,25,29,30,27,27,26
63411,28,30,31,26,24,24,24,22,26,30,29,24,21,20,19,20,26,30,29,26,25,25
63461,28,29,29,26,26,25,24,23,26,29,28,25,22,21,21,21,25,29,29,27,26,26
63491,28,31,32,26,25,25,24,24,26,30,28,25,23,22,23,23,26,28,29,26,25,25
63496,29,32,30,27,27,26,25,24,27,31,29,26,24,23,23,23,26,29,30,27,27,27
63518,29,31,31,27,27,27,26,26,28,29,30,27,24,24,24,25,27,30,29,28,27,27
63551,31,32,32,27,25,25,25,24,27,31,30,26,22,22,22,21,27,31,31,28,26,26
63571,30,31,32,28,26,26,25,24,27,31,30,26,23,23,22,22,27,30,31,27,26,26
63588,30,33,33,27,26,25,24,23,27,31,30,26,23,23,23,22,26,30,29,26,26,26
64036,29,31,31,27,27,26,25,24,27,31,32,27,23,22,23,24,28,30,31,27,26,25
64041,27,29,29,25,23,23,22,21,25,29,29,25,21,20,21,22,28,28,27,25,23,23
64101,27,29,28,24,24,23,23,23,25,27,28,25,23,22,22,23,26,28,30,25,23,23
64127,29,30,31,25,25,24,24,23,26,30,30,26,23,23,23,23,27,31,29,27,24,24
64206,27,30,28,26,23,22,22,22,26,31,28,24,23,23,23,23,23,30,29,25,24,23
64227,27,30,28,26,24,23,23,22,26,31,31,25,24,23,23,23,24,29,30,25,24,23
65026,30,31,31,26,25,24,23,22,27,31,32,26,22,22,22,23,27,30,30,25,24,23
65036,30,34,33,27,26,26,25,24,27,32,31,26,24,24,24,24,27,31,30,26,26,26
65042,30,31,30,28,28,27,26,25,28,30,30,28,27,26,26,25,28,30,30,28,27,27
65061,25,26,26,23,22,21,22,20,23,26,26,22,21,21,21,21,25,26,27,23,22,21
65121,29,29,28,26,25,24,23,21,26,30,30,26,24,23,23,23,26,30,30,26,24,24
65162,27,30,29,26,24,23,22,21,26,30,29,25,24,24,23,23,25,28,29,25,23,23
65201,30,33,31,27,26,25,24,24,28,32,31,26,26,25,25,24,28,30,31,27,26,25
65256,30,32,30,27,25,24,23,23,28,32,30,26,25,25,24,24,26,29,29,26,24,24
65276,30,31,32,27,26,25,24,25,29,32,32,28,25,25,24,25,29,29,29,27,26,25
65306,29,31,29,26,23,23,22,21,28,31,30,26,24,24,23,23,26,30,28,25,23,23
65356,29,31,31,27,25,25,25,25,28,31,31,27,26,25,25,25,29,30,29,26,26,25
66046,27,28,27,24,23,22,23,22,24,26,25,22,22,22,22,22,24,28,28,24,24,24
66091,26,27,27,24,21,21,21,21,24,27,26,23,22,22,22,22,25,27,28,24,23,23
66127,27,30,30,26,23,23,23,23,25,28,27,24,24,23,22,21,23,28,29,26,26,25
66136,28,30,30,25,24,21,22,22,26,28,28,25,22,22,22,21,24,28,29,26,25,25
66171,27,30,30,27,24,23,23,23,25,29,28,25,24,24,23,22,24,29,30,27,26,25
66186,28,30,31,27,24,24,24,23,26,29,28,26,25,24,23,22,23,29,30,27,26,25
66221,27,29,29,26,23,22,22,21,25,27,28,24,24,23,22,22,24,28,28,26,24,23
66296,28,31,31,28,25,24,23,23,26,29,28,26,24,23,22,21,24,29,30,28,25,25
66306,29,31,31,28,25,24,24,23,27,30,29,27,23,22,22,21,25,30,30,27,26,26
66336,29,32,32,28,26,24,23,23,26,30,28,26,26,25,24,24,26,30,30,27,26,26
66408,29,32,32,28,28,26,25,25,27,29,29,27,26,24,23,23,26,30,30,28,27,26
66421,28,31,32,28,26,25,25,24,28,29,30,27,25,24,23,23,26,30,30,27,26,26
66446,29,32,31,28,27,27,25,24,27,29,29,27,27,25,24,24,26,29,30,28,27,26
66481,30,33,32,29,27,26,25,24,28,29,29,27,26,26,25,25,27,30,30,28,27,27
66501,29,31,31,29,27,26,26,25,27,30,30,27,27,25,25,24,26,30,30,28,27,27
67016,26,29,28,24,21,21,21,20,24,25,25,22,23,23,23,22,24,27,27,23,22,22
67106,28,30,30,26,23,23,23,23,25,28,27,25,25,25,24,24,26,29,29,26,26,25
67116,27,30,30,26,23,23,22,22,26,27,28,24,24,24,23,23,26,28,29,26,25,24
67151,28,29,29,25,21,20,21,21,25,28,27,24,24,23,23,22,25,28,28,24,23,22
67191,26,28,28,25,22,21,21,20,24,26,26,23,22,22,22,21,25,27,27,24,23,22
67212,27,32,30,26,22,20,22,22,25,29,27,25,24,24,23,23,26,29,30,25,25,24
67292,27,31,31,27,24,22,22,23,26,28,27,26,26,25,25,24,26,28,28,26,26,25
67316,27,29,29,25,23,22,22,21,24,27,27,24,23,24,23,23,25,27,27,25,24,24
67326,28,31,31,28,26,24,24,23,27,29,29,26,25,25,24,24,27,29,29,27,26,26
67376,27,29,30,26,24,23,23,23,25,28,28,26,25,24,23,23,26,28,28,26,25,25
67401,29,32,31,28,26,24,24,23,27,29,29,27,26,26,25,24,27,30,29,27,26,26
67421,26,30,29,26,22,20,21,21,24,28,27,25,24,24,23,23,25,27,28,25,24,24
67437,28,31,31,28,28,25,24,24,26,29,29,27,27,27,26,25,27,28,29,27,28,27
67461,27,29,28,26,25,24,24,24,25,27,28,25,25,25,24,24,26,28,28,25,25,25
67471,29,31,29,27,26,24,24,23,27,29,28,26,26,25,24,24,27,29,29,27,26,26
67496,29,32,32,28,26,23,23,23,26,29,28,27,26,25,25,25,27,29,29,27,26,26
67511,28,30,30,28,27,25,24,25,27,28,29,27,26,26,25,25,27,28,28,27,26,26
67576,29,31,31,27,26,25,24,24,27,30,29,26,25,24,24,24,26,27,27,26,25,25
68022,29,30,29,27,25,24,24,22,22,23,22,21,22,23,23,23,24,27,27,25,23,22
68056,30,31,30,26,25,23,23,22,22,22,20,20,22,23,23,23,23,28,29,24,22,22
68091,30,30,29,26,25,24,23,23,24,27,25,24,23,23,23,24,26,29,30,26,24,24
68132,29,30,29,26,26,25,25,24,26,25,23,24,24,25,25,25,27,29,29,27,26,25
68156,29,29,30,26,25,24,24,24,26,27,25,24,24,25,24,24,27,30,29,26,25,24
68246,29,30,31,26,25,24,24,24,26,28,27,25,25,25,25,25,28,30,29,26,25,24
68261,29,30,29,25,23,23,24,23,25,26,26,25,24,24,23,24,27,29,29,26,24,24
68276,28,29,28,25,23,22,23,22,25,27,26,24,24,24,24,23,25,28,28,25,24,23
68306,27,29,28,23,21,20,21,20,23,25,24,22,22,23,22,22,25,26,27,22,22,22
68351,28,31,30,25,23,22,22,22,26,27,29,24,24,24,23,23,27,28,29,25,24,23
68376,29,30,30,25,24,23,23,24,27,29,28,27,26,26,25,26,27,30,29,26,26,25
68401,27,30,29,25,22,21,21,21,24,27,27,24,24,24,23,22,25,28,29,24,24,23
68431,27,29,27,23,21,20,22,23,25,27,26,24,23,23,23,23,24,28,28,24,23,22
68462,29,32,30,26,24,24,24,24,27,30,29,27,26,26,25,25,27,29,30,27,26,25
68516,29,32,30,26,24,23,23,24,28,29,29,26,26,25,24,24,27,28,30,26,25,24
68541,26,30,29,25,23,22,22,23,26,29,29,25,25,23,23,22,26,28,29,25,24,23
69006,31,31,29,27,26,25,25,25,25,26,24,23,23,24,25,25,27,30,31,26,25,25
69021,29,31,28,26,25,26,25,24,26,27,25,23,23,24,24,24,26,28,29,26,26,25
69041,29,31,30,26,25,24,24,24,26,26,25,23,22,22,22,22,25,30,30,26,25,25
69061,29,31,30,26,24,24,23,23,25,25,26,22,21,22,22,21,25,29,30,25,25,24
69076,30,31,29,27,25,25,24,23,25,27,25,23,23,24,24,24,27,30,30,27,26,25
69101,28,30,28,25,25,24,24,23,25,26,24,23,23,24,23,23,25,30,29,26,26,25
69122,28,32,30,27,26,25,25,24,26,27,27,24,24,24,23,22,25,30,31,27,27,26
69246,28,32,30,25,25,24,24,23,26,28,27,24,23,22,21,21,24,29,29,25,25,25
69271,27,29,27,24,21,21,22,22,24,26,25,23,23,22,23,22,25,28,27,24,23,22
81011,29,30,30,26,23,23,24,24,28,29,28,26,24,24,24,24,27,29,30,26,24,23
81071,29,31,31,27,25,24,24,25,29,30,29,28,26,25,24,24,28,30,29,27,26,24
81116,29,31,30,26,26,26,26,26,29,30,29,27,26,25,24,24,28,29,29,26,24,23
81151,27,30,29,25,23,22,22,23,27,29,27,26,25,24,23,22,26,29,29,25,24,23
81196,26,29,29,25,23,23,23,24,26,28,28,26,24,23,22,23,26,28,28,25,24,23
81231,27,32,30,26,23,23,24,24,27,30,29,27,25,24,24,24,27,29,30,27,25,25
81266,27,32,31,26,25,24,25,25,28,30,29,27,25,25,24,24,27,29,29,26,24,23
81286,28,32,32,27,25,25,25,25,28,30,31,27,25,25,24,24,27,30,31,28,26,25
81321,28,30,30,27,24,23,22,22,25,28,28,26,25,25,24,24,27,28,29,26,25,25
81371,29,32,32,27,25,24,24,24,28,30,31,27,25,25,24,24,27,30,31,27,25,25
81386,29,31,32,29,25,23,24,24,27,29,30,26,25,25,24,24,27,28,29,27,26,25
81397,28,32,31,27,24,22,22,23,26,31,29,28,25,24,23,23,27,29,29,26,25,24
81428,29,31,31,27,26,26,26,26,28,29,28,28,27,27,26,25,28,29,30,27,26,26
81481,28,30,31,27,25,23,22,22,25,28,27,25,24,24,24,24,27,28,28,25,25,25
81486,29,30,31,28,25,23,23,23,27,29,28,27,24,24,24,24,26,27,27,26,25,25
71066,26,31,32,26,23,22,23,23,26,30,30,25,24,23,24,23,25,30,30,26,24,24
71087,28,31,32,27,26,24,23,24,27,31,32,26,25,24,24,24,27,31,30,27,26,25
71106,29,32,31,28,28,27,25,26,28,30,31,27,27,25,25,25,26,30,30,28,27,27
71191,26,31,29,26,22,21,22,23,26,29,30,25,22,22,22,21,25,28,28,25,23,22
71231,29,33,32,27,26,25,25,25,28,30,30,26,25,25,24,24,27,29,29,27,27,26
71251,25,32,31,25,23,21,21,21,25,29,29,25,23,23,23,23,25,30,30,25,24,23
71266,30,31,30,27,26,25,25,25,27,31,30,26,26,26,25,25,27,29,29,28,27,25
71291,30,32,30,27,26,24,24,23,29,30,29,27,25,26,25,25,28,30,30,28,26,26
72061,29,32,32,28,26,25,25,24,28,30,30,27,24,23,23,24,27,30,29,27,26,26
72086,28,31,31,28,28,26,26,26,28,31,31,27,26,24,24,25,29,31,31,27,28,27
72111,30,33,34,29,27,27,26,25,28,31,31,27,27,26,26,25,27,30,31,27,28,27
72121,27,31,32,28,25,24,24,24,28,31,32,27,25,25,24,24,27,30,30,28,26,26
72146,28,30,31,29,26,25,24,24,27,28,28,28,24,23,23,23,27,29,29,27,26,26
72161,29,32,33,28,24,23,25,25,28,32,32,28,25,24,24,24,28,31,30,28,25,24
73001,28,31,31,27,24,22,22,22,27,30,30,25,24,24,23,23,26,28,27,26,24,24
73076,28,29,29,28,25,24,24,24,27,28,30,27,26,24,23,24,28,29,28,28,26,25
73126,27,29,29,28,25,24,25,25,27,30,29,28,26,25,25,25,29,30,30,27,26,26
73141,29,32,32,27,24,23,24,23,27,31,30,27,25,24,24,24,29,30,29,27,26,25
73151,30,32,32,27,25,24,24,24,27,31,31,26,24,25,25,25,28,31,29,28,26,26
73166,29,31,30,27,26,25,25,25,28,31,30,28,28,27,26,26,29,29,28,27,27,27
73256,27,27,27,27,26,25,24,23,26,27,27,27,27,26,26,25,28,28,27,27,27,26
73276,26,30,29,25,21,21,22,23,25,29,30,26,24,23,23,23,27,27,26,24,24,23
73306,29,31,30,28,25,25,24,23,27,31,31,29,26,25,25,24,29,29,30,27,26,26
73341,29,30,31,27,25,24,24,23,27,29,30,27,25,24,25,25,29,28,28,26,25,24
73406,28,30,30,28,23,23,22,22,28,30,31,28,25,25,24,23,28,31,30,28,26,25
73442,29,32,31,28,26,24,24,23,28,30,30,28,27,26,26,26,29,30,29,27,28,26
73446,28,30,30,26,24,23,22,22,26,31,30,28,25,24,24,24,27,30,30,27,26,24
73516,29,32,32,27,25,23,22,22,28,31,32,28,27,25,25,24,29,31,31,28,26,25
74056,24,29,28,24,20,19,20,19,24,29,28,25,22,22,21,21,24,27,27,23,22,22
74071,26,31,30,26,23,22,22,23,26,31,31,25,24,24,24,23,25,30,29,26,24,23
74136,28,32,32,27,25,23,23,23,27,32,32,27,25,25,24,24,27,31,29,27,25,25
74181,29,31,31,28,27,26,25,25,29,31,32,28,27,27,26,26,28,31,30,29,28,27
74187,29,31,31,28,26,25,24,25,28,32,31,28,26,26,25,26,29,31,29,28,27,26
74271,30,32,31,28,26,25,24,24,29,31,30,28,26,26,26,26,29,31,30,28,27,27
74296,26,29,28,24,21,20,20,20,24,29,30,26,24,22,22,22,25,29,28,24,23,23
74311,29,31,30,27,26,23,23,24,27,29,29,28,26,26,25,25,28,30,29,28,27,26
74361,27,30,29,26,24,22,21,22,26,31,30,27,24,23,24,23,27,30,29,27,25,24
74372,28,31,30,25,24,24,24,24,27,29,30,26,25,25,25,25,27,31,30,26,25,25
74381,28,32,30,26,24,23,23,23,26,32,31,28,26,25,25,25,27,31,31,27,26,25
74436,28,31,29,27,25,24,23,24,27,31,30,28,25,25,26,25,28,31,30,28,26,26
74447,29,32,31,27,26,24,23,22,26,32,30,28,26,26,26,26,29,30,31,28,27,26
74456,29,33,30,26,25,23,23,22,26,31,30,27,25,25,25,24,28,32,31,28,26,24
74516,30,32,31,26,25,24,24,23,27,30,29,27,25,26,26,27,30,30,30,27,27,27
82046,29,31,31,26,25,26,25,25,29,28,28,27,26,26,25,24,27,29,30,26,25,24
82056,29,32,32,27,26,26,25,25,28,30,29,27,26,26,25,24,27,29,30,27,26,26
82101,29,30,31,27,25,25,24,24,27,31,29,28,26,25,25,25,27,30,29,27,26,25
82136,29,31,31,27,26,25,24,24,28,31,30,27,26,26,25,24,26,29,30,28,26,26
82171,30,30,30,26,26,25,25,25,29,31,29,28,27,27,26,25,27,29,30,27,26,25
82182,29,32,31,27,27,26,24,24,28,32,31,28,28,27,26,25,26,30,29,28,27,26
82191,29,32,32,27,26,24,24,24,29,31,30,27,26,26,26,24,25,29,29,28,26,26
82206,28,31,31,26,24,23,23,23,27,31,30,26,25,24,24,24,27,29,30,26,25,24
82261,28,31,31,26,25,25,24,24,28,31,30,26,26,26,26,25,26,28,29,27,25,26
82306,29,32,32,27,26,26,26,25,28,31,32,27,27,27,27,25,26,29,28,27,26,26
82317,28,30,30,27,25,24,23,23,27,31,31,26,25,26,25,24,25,28,29,26,25,25
82361,28,32,32,28,25,25,24,24,28,31,30,27,26,25,25,25,26,28,29,27,25,25
83021,29,33,34,28,25,24,24,23,27,32,31,26,25,26,25,24,27,30,29,27,25,25
83051,29,30,31,27,25,25,24,23,27,30,29,27,26,26,26,25,28,29,29,27,26,26
83061,29,31,32,28,26,26,24,24,27,32,31,27,26,26,25,24,28,29,29,27,26,26
83106,29,31,32,27,26,24,23,21,26,31,31,28,26,25,24,23,28,29,29,26,25,25
83121,30,32,31,28,26,25,24,23,28,32,30,26,26,26,25,24,28,29,29,27,26,26
83137,29,31,32,29,26,25,24,23,26,32,32,27,27,26,25,24,27,29,30,28,26,26
83191,28,29,30,27,24,23,22,20,26,30,31,25,25,24,23,23,27,28,29,26,24,24
83201,27,28,29,26,23,22,20,19,25,29,29,25,24,23,22,22,26,28,28,25,24,24
83216,29,32,32,28,27,26,26,25,28,32,32,27,27,27,27,25,27,29,30,27,27,27
83341,28,31,32,28,26,25,24,23,27,32,32,27,25,25,25,24,27,31,30,28,26,25
83371,26,30,31,27,25,24,23,22,25,31,31,27,25,25,24,24,26,31,30,27,26,26
83401,28,30,30,27,26,25,24,24,27,30,30,27,26,25,25,24,28,29,30,28,26,25
83431,27,29,30,26,25,24,22,22,26,30,30,27,25,24,23,23,26,30,30,26,25,25
83476,29,31,32,27,26,25,25,24,28,31,32,28,26,26,25,25,29,30,31,28,26,26
84012,27,29,27,25,26,26,24,23,24,26,24,22,23,24,24,23,25,28,28,24,24,24
84072,28,29,28,26,26,26,25,24,25,29,28,26,24,24,23,23,28,31,30,25,23,23
84121,27,29,27,26,25,25,25,25,28,28,28,25,25,25,24,24,27,30,29,26,23,22
84171,28,29,29,26,25,25,25,25,30,28,27,26,25,25,24,24,28,30,30,26,24,23
84183,29,31,31,26,25,25,24,24,29,31,29,28,25,26,25,24,28,30,30,27,25,24
84266,29,30,30,27,27,27,26,26,29,30,29,28,27,27,26,25,28,30,30,27,25,24
84306,29,31,30,26,25,24,24,24,29,30,29,27,26,26,25,25,27,30,30,26,25,24
84341,29,30,30,27,25,25,25,24,31,30,29,28,26,25,25,25,29,30,30,25,23,23
84496,28,31,31,27,26,26,26,25,28,30,29,28,27,26,26,25,28,30,30,26,24,23
84519,24,27,27,23,22,21,20,20,25,27,25,24,22,21,22,22,23,25,25,22,22,20
84523,29,32,33,29,26,25,24,23,28,31,32,28,26,26,26,25,28,30,30,27,25,25
84536,29,28,29,26,25,24,24,23,29,30,28,28,25,24,25,25,28,30,29,26,23,22
84561,29,32,32,27,25,25,24,24,29,32,30,27,25,24,25,25,27,30,30,26,24,24
84597,28,30,30,27,25,24,24,24,28,30,29,27,26,26,26,26,28,29,29,26,25,23
85033,29,32,32,26,25,25,25,24,29,32,30,27,25,25,25,24,27,30,30,27,25,24
85116,29,30,30,27,26,25,24,25,29,31,29,28,26,26,25,25,27,30,30,27,25,24
85142,28,31,31,27,26,26,26,25,28,31,30,27,27,27,27,25,26,28,29,27,26,26
85161,28,31,31,27,25,25,25,24,28,31,29,27,26,25,25,25,26,30,30,26,25,24
85166,29,31,31,28,26,26,25,25,28,31,30,28,27,26,26,25,26,29,29,27,26,25
86006,28,31,30,28,26,24,23,22,28,31,31,26,25,25,25,25,25,27,28,27,25,25
86066,27,29,29,25,24,23,22,20,25,30,30,25,23,23,23,22,26,29,29,25,24,24
86086,29,32,32,29,26,26,25,24,28,31,31,27,28,27,27,26,27,28,29,28,26,26
86101,29,31,31,28,26,25,25,24,28,31,31,27,26,25,25,25,27,29,29,27,25,25
86111,26,29,28,25,24,23,22,20,25,30,29,24,23,23,23,23,25,27,27,25,24,24
86141,29,30,31,29,27,27,26,25,29,31,31,27,26,25,26,26,28,29,30,27,26,26
86157,28,31,31,27,24,23,22,21,26,32,31,26,24,23,22,23,27,30,29,26,25,25
86161,26,28,28,25,24,23,22,21,25,29,29,24,24,23,23,22,24,28,28,25,24,23
86216,29,32,32,27,26,25,25,24,28,32,31,27,26,25,25,25,27,29,29,26,25,25
86236,29,32,32,28,25,24,24,23,28,31,31,27,25,23,24,24,28,30,30,27,25,25
86271,28,30,31,27,24,24,24,22,28,31,29,27,24,24,25,25,28,29,29,26,24,25
86316,28,31,30,27,25,24,24,23,28,31,29,27,25,25,25,24,27,30,29,25,24,24
86336,28,30,31,27,26,25,24,23,28,31,31,27,26,26,25,25,27,30,30,26,25,25
86451,28,30,32,28,25,24,24,23,28,31,31,27,26,25,25,25,28,29,30,26,25,25
86467,26,31,31,27,25,24,23,23,26,31,31,26,26,25,25,24,27,29,28,26,25,25
86477,27,31,31,27,26,23,22,22,26,31,31,27,26,25,24,24,26,29,29,26,25,25
86491,28,32,32,28,26,25,24,24,28,32,31,28,27,26,26,25,27,30,30,26,25,24
87041,27,29,29,26,24,23,22,22,26,30,30,25,24,23,22,23,26,29,29,26,25,25
87066,29,30,30,27,25,25,24,23,28,30,30,27,26,26,26,25,27,29,29,27,26,26
87071,26,29,29,24,21,20,19,18,24,29,30,24,22,21,20,20,24,28,29,23,22,22
87141,28,30,30,27,26,25,24,24,29,30,30,27,27,27,26,25,29,29,29,28,27,27
87181,28,30,30,27,25,24,23,23,29,31,30,27,26,26,25,25,28,29,29,26,26,26
87206,27,30,30,27,25,21,20,21,26,31,30,27,25,24,23,23,26,31,30,26,24,24
87231,28,31,31,26,25,23,22,22,27,32,32,26,25,24,23,24,27,30,29,24,24,24
87293,28,31,30,27,25,24,23,23,28,31,30,27,25,25,25,24,28,31,29,27,25,26
87301,27,30,30,27,25,23,22,22,27,31,31,27,25,25,24,24,27,29,29,26,25,25
87331,28,31,30,27,25,24,24,23,28,32,30,27,25,26,26,25,28,32,30,26,25,26
87352,26,30,30,27,25,24,23,23,27,31,31,26,26,25,25,24,27,30,30,26,25,25
87376,28,31,30,27,26,25,25,24,28,32,30,27,28,27,27,26,29,32,31,27,27,27
87406,27,30,30,27,26,25,24,23,27,31,30,27,26,26,26,25,29,31,30,27,26,27
87426,27,30,31,27,26,25,24,23,27,31,32,28,28,26,25,25,28,31,31,28,26,26
87492,28,30,32,29,26,26,25,24,28,31,32,29,27,27,26,25,29,30,31,27,27,27
87501,29,30,31,28,26,25,24,23,29,31,30,29,27,26,25,25,29,31,31,27,27,26
88061,28,30,31,27,25,24,23,23,27,30,31,27,26,26,26,25,27,30,30,26,26,25
88081,26,30,31,27,25,23,22,22,26,31,31,27,25,24,24,23,26,29,29,26,24,24
88107,27,31,31,27,25,24,23,22,27,31,31,28,26,24,25,25,28,30,30,27,25,25
88131,28,32,32,28,25,24,24,24,29,32,33,29,27,26,26,25,29,30,29,27,25,25
88151,27,31,31,28,25,24,24,23,27,31,31,28,25,24,24,25,28,30,30,27,25,25
88261,29,31,31,27,24,24,23,22,29,31,32,28,26,26,25,26,29,30,31,28,26,26
88286,26,27,28,25,23,23,22,22,26,28,29,26,25,24,24,24,25,27,28,25,24,24
88317,29,30,32,28,27,26,25,24,28,33,33,29,28,28,27,26,29,31,32,28,27,27
88331,26,28,28,25,24,23,23,22,26,29,30,26,25,24,24,24,26,28,28,25,24,24
88371,28,31,32,28,26,25,24,23,29,32,33,30,27,26,25,25,29,30,31,27,26,26
88406,28,29,31,27,25,25,23,23,29,31,30,28,25,25,24,25,29,30,31,28,25,25
88432,28,30,30,26,24,23,22,22,28,32,32,27,25,24,24,25,29,29,30,27,26,26
88442,28,29,30,27,25,25,23,23,28,30,30,28,27,26,25,25,29,29,30,27,27,27
88447,29,30,32,27,25,25,24,23,29,32,33,28,26,25,25,25,29,31,31,27,26,26
88466,27,30,32,27,25,23,23,22,29,32,32,29,27,25,25,25,28,30,31,28,26,26
88486,28,30,31,27,25,24,23,23,29,32,32,28,26,25,25,25,29,29,30,28,27,26
88506,28,31,32,27,24,23,22,22,29,33,32,28,24,24,23,24,29,31,31,28,25,25
88536,28,29,30,27,24,22,21,22,28,30,31,28,25,23,24,24,27,29,29,26,25,25
88612,28,30,29,27,26,26,25,25,29,31,31,29,26,27,27,26,30,30,29,28,27,28
88666,26,30,29,25,23,24,24,24,28,31,31,27,25,25,24,25,29,30,29,26,25,25
88686,29,31,31,26,21,21,22,22,29,31,31,27,24,23,24,25,29,29,29,27,25,24
88706,28,30,30,26,22,23,23,23,28,33,33,29,27,27,26,25,29,29,30,28,27,27
88736,26,29,30,26,24,23,23,24,28,32,31,27,24,24,25,25,28,29,29,27,25,25
88836,30,31,31,27,27,27,26,25,30,32,32,28,27,26,26,26,29,31,32,28,27,27
88901,30,31,31,28,27,27,27,27,31,33,32,29,28,27,27,26,30,31,30,28,27,27
88956,29,31,30,27,26,26,26,26,29,33,32,28,26,25,25,25,30,32,31,27,26,26
88971,31,31,30,28,26,26,25,26,30,33,32,28,26,26,25,26,29,32,31,28,26,26
91011,29,32,33,30,28,27,27,25,30,32,32,30,28,27,26,26,30,32,33,28,27,27
91021,27,30,29,26,24,24,24,24,27,30,28,26,24,24,23,24,28,29,30,26,24,24
91107,30,32,32,29,28,28,27,27,29,32,31,29,28,27,26,27,29,32,32,27,27,27
91146,30,32,31,29,28,28,26,26,30,33,32,30,28,28,27,27,30,33,32,28,26,27
91166,29,32,32,28,27,26,26,25,28,31,31,28,27,27,26,26,29,30,31,28,27,27
91181,28,30,28,27,25,25,24,24,29,31,30,27,25,25,25,25,29,31,31,27,25,25
91197,30,31,29,29,28,27,27,26,29,33,32,29,28,27,27,27,29,31,32,28,28,27
91241,30,28,29,27,26,25,25,25,28,31,31,27,25,25,25,25,29,30,31,27,25,25
92011,30,32,32,28,26,26,26,25,29,32,32,28,26,26,25,26,30,31,32,28,26,26
93041,30,32,31,28,27,26,26,26,30,32,32,29,28,27,26,26,28,31,31,28,27,27
94001,30,32,33,29,27,27,27,26,29,33,32,29,28,27,27,26,29,32,32,28,27,26
94017,31,34,34,29,27,27,26,25,29,33,34,29,28,28,27,26,29,32,33,28,27,27
94062,30,32,31,28,26,25,26,26,29,31,32,29,27,27,26,26,28,31,31,28,26,26
94081,30,32,33,30,28,28,27,27,30,32,33,30,27,27,28,27,29,31,32,29,27,27
94101,31,33,33,29,27,27,26,25,29,33,32,29,28,28,27,26,29,32,32,28,27,26
94116,30,33,33,29,27,27,26,25,29,33,32,30,28,27,27,26,29,32,33,29,27,27
