Station Number,2022101309,2022101312,2022101315,2022101318,2022101321,2022101324,2022101403,2022101406,2022101409,2022101412,2022101415,2022101418,2022101421,2022101424,2022101503,2022101506,2022101509,2022101512,2022101515,2022101518,2022101521,2022101524
11001,12,15,13,10,8,7,8,10,14,17,15,11,11,10,11,11,14,16,15,12,10,10
11016,11,15,14,11,11,10,11,12,14,17,16,13,13,12,12,11,14,16,15,13,12,12
11046,13,14,14,11,11,11,12,12,15,17,17,13,12,11,12,13,16,16,15,12,12,12
11076,10,15,13,8,6,4,5,7,13,17,16,10,9,8,7,7,13,16,15,10,7,6
11121,9,15,14,9,7,5,6,8,15,17,16,10,9,8,7,6,14,17,15,10,7,6
11151,13,15,14,12,11,11,11,12,15,17,16,13,12,11,12,13,15,16,17,13,12,12
11176,10,15,14,10,8,7,8,10,14,17,16,11,11,10,9,9,14,17,16,12,10,8
11206,10,15,14,9,7,6,7,8,13,18,16,10,8,6,6,6,11,16,15,9,7,7
11276,8,15,14,8,5,3,4,6,12,17,16,10,7,6,5,4,11,16,16,9,7,5
11291,10,15,14,10,8,7,8,7,13,17,15,12,9,6,6,6,12,15,14,9,8,8
11316,8,15,14,9,4,2,4,5,12,17,16,10,6,5,4,2,10,16,16,10,7,5
12011,9,15,15,9,5,2,5,6,13,18,17,10,7,5,5,6,12,17,16,11,8,6
12041,7,14,14,9,6,6,6,7,11,17,16,11,7,6,5,5,10,15,15,10,7,6
12141,7,13,13,9,5,5,5,4,10,16,16,11,6,5,5,4,10,15,16,10,7,6
12181,7,13,14,8,6,5,5,5,11,17,17,11,7,5,4,4,10,16,16,10,8,7
12231,7,12,12,6,5,4,3,3,11,17,17,9,5,3,2,1,9,16,16,9,7,6
12261,8,12,13,8,7,7,6,5,11,17,17,12,8,6,5,4,10,16,16,10,9,8
12266,9,12,12,7,5,5,5,5,13,16,16,11,8,6,5,5,12,16,16,10,8,9
12301,7,13,13,9,8,8,7,7,12,17,17,12,8,6,5,5,11,17,17,11,9,9
12386,8,14,14,7,5,5,5,5,10,17,17,11,6,5,4,5,11,17,17,9,8,8
12396,8,13,14,9,6,6,5,5,12,17,17,12,8,6,5,6,12,17,17,11,9,9
12411,7,12,12,6,4,3,3,2,11,15,15,10,6,3,4,5,11,15,15,10,8,6
12442,7,13,14,10,8,7,7,7,12,17,17,13,10,8,7,8,12,17,17,14,12,10
12451,8,13,14,10,8,8,7,7,13,17,17,13,10,8,7,7,12,17,17,13,11,10
12512,9,13,13,7,7,6,7,6,13,16,16,11,9,7,7,6,13,17,16,11,10,9
12551,9,14,14,8,7,7,6,6,12,16,17,11,8,5,4,5,13,17,17,11,10,9
12596,7,14,15,11,9,7,7,7,12,17,17,14,10,8,7,6,13,18,17,14,12,10
12626,6,13,14,10,8,7,6,8,12,17,17,13,9,8,7,6,13,17,17,13,11,10
12632,9,14,14,9,8,9,8,7,14,16,17,12,9,7,6,6,13,17,16,11,9,8
12691,8,13,14,8,8,9,8,7,12,15,16,11,8,6,4,3,12,14,15,10,7,6
12746,6,14,14,8,6,5,6,6,11,16,15,10,7,6,5,6,12,15,15,10,9,7
15041,7,12,11,5,5,4,3,2,11,16,16,8,5,3,3,2,9,15,14,8,6,5
15076,6,12,12,8,6,6,5,5,10,16,16,11,6,4,3,3,9,16,16,9,7,7
13061,14,16,14,9,7,5,9,10,15,18,16,11,9,8,7,8,14,17,16,11,9,8
13086,12,14,14,10,6,5,7,8,14,17,17,11,9,8,7,7,13,17,16,11,9,8
13121,13,14,14,9,7,8,8,8,15,17,16,10,9,8,7,7,14,17,16,11,9,9
13146,15,16,14,11,11,11,12,11,15,17,16,12,13,13,13,11,16,16,15,14,14,13
13181,13,14,14,11,7,7,6,8,14,18,17,13,11,9,8,8,13,17,16,13,11,10
13261,11,14,14,7,5,6,4,4,13,17,18,10,7,6,5,5,13,17,17,9,8,8
13277,10,14,13,10,8,8,7,7,12,17,16,13,10,9,8,8,13,16,16,14,12,11
13311,13,14,14,9,7,7,8,9,15,17,16,11,10,9,8,10,16,17,16,12,12,11
13321,9,14,14,9,6,5,4,5,12,17,17,11,7,6,5,5,12,17,17,11,9,8
14026,11,15,15,10,8,8,8,9,15,18,17,12,9,9,8,9,15,17,17,13,12,11
14071,12,15,15,9,6,7,7,8,15,18,17,13,10,10,9,9,15,18,18,13,11,10
14101,9,15,15,11,9,8,8,9,13,18,18,14,11,10,8,7,13,17,17,13,12,10
14116,11,17,16,10,8,8,7,8,15,19,18,12,10,9,8,7,16,20,19,13,11,10
14121,11,16,16,11,9,8,8,8,13,18,17,13,11,10,9,8,15,19,18,14,12,11
14136,9,15,15,10,9,8,8,7,12,18,18,13,10,9,8,6,13,18,18,13,12,10
14163,11,16,15,12,11,11,10,10,14,19,18,15,13,12,11,10,16,18,17,15,14,13
14206,10,16,15,10,9,9,8,7,14,18,18,13,10,9,8,7,15,18,17,13,11,9
14286,10,13,13,9,10,10,9,9,13,16,16,12,11,10,10,10,15,16,15,13,13,11
15116,9,14,15,10,7,7,6,6,12,18,18,12,7,6,5,5,12,17,17,11,10,8
15161,7,14,14,9,7,7,8,7,12,18,18,12,8,6,5,5,12,17,17,12,10,10
15231,10,14,14,9,7,6,6,6,13,17,17,12,7,5,3,4,14,17,17,11,10,8
15241,9,15,15,11,8,7,8,9,12,18,18,13,9,7,5,6,13,17,17,13,11,10
15251,8,15,15,10,8,7,7,6,13,17,17,12,9,7,7,7,14,18,17,13,11,10
15311,11,15,15,9,8,6,7,8,14,18,18,12,10,8,7,8,14,18,18,12,11,10
15321,9,15,15,11,9,8,8,9,13,18,18,13,10,8,6,7,13,18,18,14,12,10
15356,10,15,15,11,10,9,9,9,13,18,18,14,12,11,9,9,14,18,18,14,13,12
15431,9,16,16,12,10,9,8,7,14,19,18,14,12,11,9,8,15,18,18,14,13,11
15442,10,14,15,9,8,7,7,8,14,17,17,11,9,9,8,8,14,16,16,12,11,10
16026,12,15,14,7,6,6,5,6,16,17,17,9,8,8,7,6,14,17,18,9,8,7
16061,13,15,15,12,10,10,9,10,15,17,18,13,12,12,10,9,14,18,18,14,13,12
16076,11,14,15,9,8,7,6,8,15,18,17,11,10,9,7,6,14,18,17,11,10,9
16091,12,14,15,10,9,9,8,8,14,16,16,11,11,11,10,9,14,18,18,13,13,12
16156,11,16,15,11,9,9,8,8,14,18,18,13,11,10,8,8,15,18,18,13,11,10
16206,8,15,15,10,9,8,7,6,12,17,17,12,9,8,7,5,13,18,17,11,10,8
16217,7,15,15,10,8,7,6,6,12,16,16,13,10,8,7,6,13,17,17,13,10,9
16252,12,15,14,10,9,9,9,9,15,17,17,11,11,11,11,9,15,18,17,13,12,11
16281,8,14,13,8,6,5,7,8,13,15,15,10,9,7,5,7,15,15,15,11,9,8
16286,7,14,14,7,5,4,4,3,12,16,16,10,7,6,4,4,13,16,16,9,7,6
16321,9,15,15,10,7,6,6,6,14,17,17,12,10,9,6,6,15,18,18,11,9,6
17036,12,15,14,8,6,7,6,6,14,18,17,11,7,4,6,6,13,16,17,9,7,7
17076,11,14,14,8,5,5,6,8,14,17,15,10,6,4,5,6,11,14,15,8,8,7
17091,9,13,13,7,5,5,4,3,12,17,16,10,6,4,5,4,11,15,16,9,7,7
17112,11,14,14,11,9,6,6,7,12,15,16,13,10,7,8,7,12,14,14,11,10,9
17166,11,14,14,10,7,6,6,6,12,17,16,12,9,7,8,7,10,13,13,10,9,9
17196,7,13,13,8,4,4,5,5,11,17,17,11,6,5,4,4,11,15,16,9,8,6
17246,12,15,14,9,9,8,8,9,15,18,16,12,10,9,9,6,12,16,15,9,8,8
17306,9,14,14,9,5,4,3,5,11,16,16,11,7,7,6,4,9,14,14,10,9,8
17316,10,14,15,8,6,5,5,5,13,17,15,11,7,6,6,4,11,16,16,9,9,8
17341,12,13,13,11,9,9,8,10,14,18,16,12,11,11,11,10,14,16,14,11,10,10
17351,11,14,13,10,9,8,9,10,14,17,16,11,11,10,10,11,15,15,14,9,10,9
17482,7,12,11,7,5,5,5,4,11,16,15,10,6,4,5,5,10,14,14,9,7,7
17501,10,15,14,8,5,3,4,5,12,17,15,10,7,5,5,3,10,15,15,9,8,8
17521,11,16,15,10,8,6,7,8,14,18,17,13,9,9,7,6,13,14,15,12,10,8
17546,13,16,15,10,9,9,9,10,15,18,17,12,11,10,11,9,15,16,15,10,10,10
17561,11,16,15,9,8,6,8,9,14,17,17,11,10,9,10,8,14,16,14,10,10,10
17596,8,14,13,9,5,3,5,4,11,16,15,11,7,7,6,5,10,14,13,10,9,8
17607,10,15,14,9,7,6,7,8,14,17,16,11,9,10,8,7,13,15,14,11,10,8
17631,11,15,15,9,6,5,6,8,13,17,17,12,11,12,10,8,13,16,16,11,10,9
17717,11,15,15,9,7,5,7,7,13,17,17,11,10,11,10,8,14,16,15,11,10,9
18038,13,14,14,9,7,7,8,9,13,15,15,11,9,9,9,10,15,16,16,11,11,11
18136,11,15,15,10,8,7,7,9,12,14,15,11,9,9,8,9,15,17,17,12,11,10
18161,13,16,15,10,7,7,8,9,12,15,15,10,8,9,8,8,15,15,15,12,10,10
18171,13,15,14,10,7,7,7,9,12,14,15,11,8,9,8,7,15,16,16,12,10,9
18256,12,16,15,9,7,7,7,9,14,15,14,10,8,8,7,5,15,17,15,10,9,8
18273,15,15,14,11,11,11,11,12,14,15,14,12,12,12,12,12,16,16,16,13,13,12
18281,16,15,14,10,11,10,10,12,14,15,14,12,11,11,11,13,16,17,16,12,12,12
18311,13,16,14,9,9,9,8,10,14,15,14,10,9,9,7,7,15,17,16,11,10,9
19021,11,15,14,9,7,6,7,9,12,15,15,10,9,10,9,7,13,16,14,11,9,9
19051,11,14,14,9,8,7,8,10,12,15,15,10,9,10,9,8,14,15,14,11,10,10
19076,9,13,13,8,6,7,9,9,11,14,14,10,10,10,10,9,13,16,14,11,10,8
19151,12,16,15,9,7,7,8,9,11,15,15,10,7,6,6,6,13,16,15,12,9,7
19191,13,16,15,10,8,8,9,10,11,16,16,11,8,8,8,8,15,17,17,12,9,8
19261,13,17,15,8,7,9,10,10,12,17,15,10,8,8,8,8,15,18,16,10,7,8
19311,15,16,15,10,11,11,11,13,14,15,15,12,11,11,9,9,15,16,16,12,10,10
19376,12,15,14,10,10,11,11,11,13,15,14,11,10,10,9,8,14,16,16,12,11,10
19416,12,15,14,9,10,11,11,11,13,17,15,11,8,9,8,9,15,16,16,11,9,10
19432,12,16,15,12,11,11,11,10,13,16,16,13,11,10,9,8,14,17,17,15,12,11
19451,12,14,13,10,10,10,11,11,13,14,14,10,11,12,11,12,15,15,14,12,12,13
20146,9,15,14,8,7,6,8,8,11,16,15,11,10,11,10,8,11,16,16,11,9,7
20186,9,13,12,7,7,7,7,4,11,15,14,10,8,7,6,5,9,15,14,9,7,6
20266,13,14,14,10,8,9,9,8,13,15,15,12,10,9,9,8,12,16,15,11,9,9
20276,9,16,16,11,9,9,10,10,12,17,17,12,11,11,11,9,13,18,18,13,10,9
20341,10,16,16,11,9,9,10,9,12,17,16,12,11,10,9,8,12,18,18,13,10,9
20356,9,14,14,10,9,9,9,8,12,15,15,12,9,8,8,8,13,15,15,12,10,9
20361,13,15,15,11,10,11,10,9,13,15,15,12,10,9,8,7,12,14,15,12,10,9
20371,11,15,15,11,10,10,9,9,12,15,16,12,10,8,7,7,11,16,16,12,10,9
20421,10,16,15,11,11,10,8,8,12,16,16,11,9,7,6,7,11,16,16,11,9,9
20432,10,15,15,12,11,10,10,9,12,16,16,12,10,9,9,9,12,16,17,13,12,11
20441,9,16,16,11,9,9,9,9,11,17,16,12,9,8,9,8,12,17,17,13,10,9
20506,12,16,17,11,10,11,10,10,13,17,16,12,9,9,10,10,13,18,17,12,10,11
20556,9,15,16,10,10,9,8,7,12,16,16,11,7,5,6,7,13,17,17,11,10,8
20601,10,14,14,10,10,9,7,7,11,14,14,10,8,6,6,7,13,15,15,10,9,8
20606,11,15,15,11,10,10,8,8,12,15,15,11,8,6,7,7,13,16,15,12,10,9
20631,10,16,15,11,10,8,10,9,12,16,16,11,10,8,8,9,14,18,17,12,10,10
20696,11,15,15,10,11,9,8,9,13,16,15,11,8,7,7,8,15,17,15,11,9,8
20751,12,15,14,12,10,9,10,10,13,16,15,12,10,10,10,10,15,17,16,13,12,11
21111,10,15,15,10,8,7,8,9,15,18,18,12,8,7,9,10,16,17,17,13,12,11
21126,8,15,15,10,7,6,6,7,12,17,17,11,8,7,6,7,14,17,17,11,10,10
21161,9,14,14,7,5,4,4,6,13,16,15,9,7,5,4,6,14,17,16,10,8,6
21171,11,15,14,9,8,7,8,8,15,17,16,11,10,8,8,9,17,18,16,12,9,9
21187,11,15,15,11,10,9,9,7,14,17,17,14,11,9,10,11,17,18,17,16,13,11
21226,13,16,16,10,7,6,6,7,14,18,17,11,10,9,7,8,16,18,17,10,10,8
21261,12,15,16,11,9,10,8,7,14,17,17,13,9,8,10,11,17,18,18,14,11,10
21276,10,16,16,10,8,7,8,7,14,18,17,12,9,7,9,11,16,18,17,12,11,10
21297,12,16,16,11,9,9,9,8,14,17,17,12,12,11,10,11,17,20,18,13,11,11
21312,12,15,14,9,9,8,8,8,14,16,16,11,11,10,9,10,17,18,17,12,11,10
21323,13,15,15,11,12,11,10,10,15,18,17,13,14,14,13,13,17,19,18,14,14,13
22036,8,15,15,10,6,7,6,7,13,17,16,11,8,7,6,7,14,17,17,11,10,9
22141,12,16,16,12,9,9,8,7,14,18,17,13,10,9,11,12,16,18,17,13,12,11
22156,10,16,15,9,7,6,6,7,14,18,17,11,8,7,8,9,14,18,17,11,10,10
22241,13,16,16,12,10,9,9,10,15,17,17,14,12,11,13,13,16,18,17,13,12,12
22291,10,16,15,9,9,7,7,9,15,17,15,11,8,7,8,10,15,18,17,11,10,9
22306,8,15,14,10,9,7,9,9,13,16,15,10,7,6,7,8,12,17,17,9,7,6
22327,15,16,15,11,11,10,10,12,15,16,16,12,12,12,13,12,15,18,17,14,13,13
22391,14,14,13,13,13,12,12,11,13,15,14,13,14,13,13,13,15,16,16,14,15,14
23031,12,15,16,11,10,6,7,8,14,18,17,12,10,9,7,7,15,18,17,11,9,7
23086,12,16,15,11,8,6,7,7,14,17,17,13,11,10,9,8,15,18,17,12,10,8
23166,12,15,15,10,9,9,8,7,14,16,17,12,10,10,9,10,16,17,16,11,9,8
23206,13,14,14,10,10,10,10,10,15,16,16,12,12,11,11,11,17,18,17,12,11,10
23226,14,16,15,11,10,9,9,8,15,18,18,14,11,11,10,9,16,19,18,13,11,9
23232,14,16,15,11,10,10,9,9,15,18,18,14,12,12,11,11,17,19,18,14,12,10
23326,12,16,15,11,11,9,7,7,15,17,17,13,12,12,10,10,17,19,18,13,11,10
23376,14,16,15,11,11,11,10,11,16,17,17,12,12,13,14,13,18,20,18,14,13,13
24141,14,15,15,12,9,10,9,8,15,17,17,13,13,12,12,11,17,18,17,13,12,11
24041,11,16,15,12,10,8,8,8,14,18,18,14,12,10,10,10,15,19,18,13,11,9
24051,11,16,16,11,8,4,6,6,14,19,18,12,11,10,8,7,14,18,17,12,9,6
24101,13,15,15,12,12,12,11,12,15,17,16,14,14,14,13,13,16,18,17,14,13,12
24201,10,16,15,10,7,5,6,6,13,17,17,13,10,8,7,6,14,17,17,11,9,6
24217,12,16,15,12,10,9,9,10,15,18,17,15,13,12,12,12,17,19,18,15,13,11
31001,12,15,15,11,10,10,10,11,15,17,17,14,14,13,12,13,18,19,18,14,14,13
31111,13,16,15,10,10,8,7,7,15,18,18,13,12,11,10,9,17,19,19,13,12,10
31121,14,16,15,11,10,9,8,8,16,18,17,14,13,11,10,12,18,20,19,13,12,11
31136,13,17,15,10,9,9,8,10,16,18,17,12,11,11,10,12,17,19,17,13,11,11
31156,11,15,16,11,11,10,9,9,15,17,16,13,13,13,12,12,16,19,18,13,13,12
31186,13,17,16,11,10,9,9,8,15,18,17,12,12,12,12,12,16,20,19,14,12,11
31201,12,16,15,11,10,10,8,10,15,18,17,13,13,11,9,10,16,19,18,13,12,10
31296,13,16,16,12,10,9,8,8,14,19,19,14,13,11,10,10,15,18,18,15,13,11
31312,13,16,16,12,10,8,8,8,14,18,18,13,13,12,11,10,15,19,19,16,14,12
31332,12,15,15,10,9,7,7,8,15,17,17,12,12,11,10,10,15,17,18,14,13,12
31336,14,16,14,11,9,8,7,7,15,17,16,13,12,11,11,10,15,18,17,14,13,12
31366,14,16,16,9,8,8,7,8,15,18,18,11,11,9,9,10,16,18,18,14,13,11
31436,13,16,16,10,8,8,8,9,15,18,18,12,12,11,10,11,16,17,17,13,13,11
31461,13,16,16,12,10,8,7,8,15,18,19,14,11,10,10,8,16,18,17,16,13,10
31466,11,16,16,11,10,9,8,7,13,18,18,14,11,10,9,8,15,17,16,15,12,10
31482,7,11,11,7,6,6,5,4,11,13,13,10,8,7,6,5,12,12,11,9,7,6
31506,14,16,15,12,11,9,8,8,15,17,17,14,13,11,10,9,16,20,19,15,14,12
31586,12,16,15,12,10,9,7,7,14,17,17,14,11,9,8,6,14,17,17,15,13,10
31602,12,15,15,12,10,10,8,8,14,17,17,14,12,11,10,10,15,19,18,16,14,11
31646,12,15,15,10,8,7,6,7,14,17,17,12,10,9,8,7,15,16,16,12,10,8
31662,10,13,13,9,7,7,7,7,13,14,14,11,9,9,8,8,14,14,13,11,10,9
31721,11,17,17,11,9,8,6,6,12,18,18,13,10,8,7,7,14,17,16,14,11,9
32056,13,17,17,11,11,11,10,12,17,19,18,13,14,13,12,13,17,17,18,15,14,14
32111,13,16,17,14,11,10,10,9,14,19,19,16,14,12,12,12,17,19,19,17,13,11
32126,12,16,16,12,10,9,8,8,12,17,17,15,13,11,10,9,13,18,18,15,12,10
32136,12,17,17,12,10,8,8,7,12,17,17,13,12,11,10,9,13,18,18,14,12,10
32146,8,15,15,11,9,7,6,5,11,15,15,12,10,9,8,7,10,15,16,13,11,8
32206,9,15,15,11,9,7,6,6,12,15,14,11,10,10,9,8,13,15,15,12,10,9
32266,9,14,14,9,7,5,4,5,12,14,13,9,7,8,7,7,12,15,14,10,9,7
32286,13,17,16,11,9,8,6,5,14,18,18,12,12,10,8,7,15,19,18,12,11,10
32287,14,18,18,13,10,9,8,7,14,20,20,15,13,10,9,8,15,19,20,15,12,11
32296,13,17,17,12,10,9,7,6,14,18,19,14,13,11,8,8,15,19,20,14,12,11
32311,10,17,17,11,9,8,6,6,13,17,17,12,11,10,9,9,13,17,18,13,11,10
32402,12,18,18,13,13,11,10,9,15,18,18,16,15,13,12,11,16,19,19,16,15,12
32407,11,17,17,12,9,8,7,7,14,17,17,12,11,10,9,8,14,18,18,14,12,10
32466,10,17,17,13,11,8,7,7,13,17,17,13,12,11,10,9,14,17,18,15,13,11
32476,9,17,16,12,10,9,8,7,13,16,16,12,12,12,10,10,15,16,16,14,13,11
32496,11,17,17,11,9,8,6,5,12,17,17,12,11,9,7,7,13,18,18,13,12,10
32551,10,17,17,13,12,9,7,7,12,17,16,15,13,12,10,9,14,17,18,15,14,11
32571,11,18,18,13,11,10,9,9,15,19,17,13,12,11,9,10,16,20,19,15,13,10
32581,11,18,18,11,9,8,6,6,13,17,17,12,10,10,8,7,13,19,19,13,11,9
32596,10,19,18,13,12,10,9,8,13,18,17,13,13,12,11,10,15,18,18,16,14,12
32616,13,17,18,14,11,11,10,10,17,18,18,16,14,12,12,11,18,19,19,17,15,13
32626,11,18,18,12,10,8,7,7,14,17,17,13,12,10,9,8,15,19,18,14,12,10
32691,10,17,17,12,10,9,8,7,12,17,16,12,12,11,9,8,14,17,17,15,13,11
32771,11,15,14,11,10,9,8,7,13,16,14,12,11,10,9,9,15,16,16,13,11,10
33006,9,15,15,9,8,7,7,8,15,16,15,12,11,10,10,9,16,18,17,13,12,11
33026,9,16,15,10,8,7,5,5,14,17,17,13,9,7,6,5,14,18,18,14,10,8
33071,10,16,16,10,9,7,7,6,13,17,17,13,9,8,7,7,14,15,15,13,10,8
33136,10,16,15,9,7,5,3,2,12,17,17,12,8,7,6,6,14,16,15,13,10,8
33146,12,16,15,11,9,8,6,6,15,18,17,12,9,8,7,7,16,19,18,14,11,10
33166,8,15,15,11,9,8,7,7,12,15,15,12,9,8,7,8,13,14,14,12,10,8
33176,10,14,14,10,8,5,6,6,12,14,15,11,8,7,6,7,14,15,15,11,8,7
33186,8,15,14,9,8,6,5,5,10,15,16,12,8,7,6,5,13,15,15,11,8,7
33206,12,16,15,10,9,8,6,7,14,17,17,12,10,9,8,9,17,19,18,13,12,11
33226,8,16,15,12,9,7,5,5,11,14,15,12,9,8,7,7,13,15,15,14,11,8
33296,10,17,16,13,11,9,7,6,12,16,16,13,10,10,8,9,15,18,17,14,12,9
33326,12,17,15,12,10,9,6,5,12,19,18,13,10,9,8,8,15,18,17,14,12,11
33336,14,17,17,11,11,10,9,9,15,18,17,13,12,11,11,11,17,19,19,15,13,12
33371,9,13,12,8,6,4,2,2,11,13,13,9,6,4,3,5,14,14,13,9,7,5
33421,8,17,16,12,10,7,6,6,11,15,15,12,10,8,8,8,14,18,17,14,11,9
33431,11,17,16,13,11,10,8,6,13,16,16,14,12,10,10,10,16,18,18,14,13,11
33441,8,13,12,8,7,6,5,4,11,14,14,10,8,6,5,6,14,14,13,9,7,7
33472,14,17,15,12,11,10,8,8,15,18,16,14,12,12,11,11,17,19,18,15,13,12
33486,8,15,14,9,8,6,5,6,12,15,13,10,8,7,7,8,14,15,15,11,10,8
33501,11,17,17,13,11,9,7,6,13,17,17,13,11,10,10,9,14,17,17,14,13,11
33526,11,17,16,12,10,9,8,7,12,19,18,13,11,10,11,11,15,19,18,13,12,11
33581,11,17,16,13,10,8,6,7,13,17,18,13,11,9,9,10,16,18,18,14,13,11
33616,14,16,15,12,11,10,10,8,15,18,17,14,12,11,11,12,17,19,18,14,13,13
33631,11,17,15,10,9,8,7,7,12,15,15,12,9,9,9,8,13,16,16,13,12,10
33671,11,15,14,10,9,7,6,6,11,18,17,13,10,8,7,9,13,17,17,14,12,10
33716,12,16,16,13,12,10,8,8,13,17,16,14,12,11,11,10,16,18,18,16,14,13
33751,15,16,17,13,11,11,10,9,16,19,18,15,13,12,12,13,18,20,19,15,14,14
33776,11,16,16,13,11,9,8,7,13,16,17,13,10,8,9,10,15,17,17,15,13,12
33781,12,16,17,13,12,9,8,7,13,17,17,15,12,9,10,10,16,18,18,16,14,12
33801,12,16,15,11,10,9,9,8,13,18,18,14,11,10,11,12,15,18,18,14,13,13
33877,15,15,15,12,11,10,9,8,15,19,18,15,13,12,12,13,18,19,18,14,14,14
33911,13,16,16,14,12,11,9,9,14,17,17,15,13,11,11,11,16,18,18,16,15,14
33921,12,16,15,12,10,9,8,6,13,19,18,13,11,10,9,10,16,19,17,14,13,13
34012,11,14,13,10,9,8,6,6,13,15,14,10,9,9,8,10,15,16,15,12,11,11
34026,12,15,15,12,10,10,8,7,14,18,17,14,13,12,11,12,17,18,17,14,14,14
34096,12,15,16,12,11,10,8,7,14,17,16,12,10,10,9,10,17,19,17,14,13,12
34111,13,16,15,13,11,10,8,8,14,16,17,14,11,10,10,9,16,18,18,15,14,13
34171,13,16,16,13,12,10,9,8,14,19,19,15,12,10,10,10,17,20,18,16,14,13
34186,14,16,15,13,12,12,10,9,15,18,16,15,13,12,12,12,18,19,18,15,14,13
34216,13,15,16,13,12,10,10,8,15,16,17,15,11,10,10,9,16,20,18,15,14,13
34266,12,14,15,13,12,12,10,9,14,17,16,14,11,10,9,9,17,19,18,15,13,13
34276,13,16,16,13,12,10,10,9,15,19,19,15,12,11,10,9,16,20,19,15,13,13
34292,13,15,15,13,13,12,11,10,15,19,18,15,14,13,12,12,17,20,19,16,16,15
34296,15,15,14,13,12,12,12,12,16,18,17,15,14,13,13,13,18,20,19,15,14,14
34311,13,14,14,12,11,11,9,8,14,16,16,11,9,8,8,8,16,17,18,14,12,11
34331,12,16,15,13,13,12,11,11,15,18,17,15,14,12,12,12,17,19,18,16,17,15
34392,14,15,16,15,14,13,12,12,16,18,18,16,15,13,12,12,18,19,18,17,17,15
34461,14,15,14,13,13,13,11,11,15,18,19,13,12,12,10,10,15,18,18,16,14,13
34462,14,15,15,13,13,11,11,10,14,17,18,12,10,9,9,8,16,18,19,14,13,12
34471,13,15,15,14,14,13,12,12,16,18,18,15,14,12,11,12,16,18,18,16,15,15
34506,13,14,15,14,13,12,11,10,14,18,18,14,11,11,10,10,15,19,19,16,13,13
35002,15,18,17,13,13,13,12,12,17,17,17,14,14,14,13,13,17,20,19,15,14,14
35052,14,19,19,15,14,12,12,11,17,20,19,16,14,13,12,12,16,20,20,17,15,13
35071,9,17,16,11,9,8,8,7,11,17,16,11,10,10,8,8,12,18,18,14,12,10
35116,9,17,17,11,10,10,8,7,12,17,17,12,11,11,9,9,12,17,18,15,13,11
35141,13,19,18,14,12,11,10,9,16,19,20,16,14,12,10,10,16,20,20,16,15,12
35146,14,18,17,13,12,12,11,11,15,18,17,13,14,14,12,12,15,19,20,15,14,12
35162,12,18,17,12,11,10,9,9,12,17,16,12,12,11,10,10,13,18,18,15,13,12
35176,11,16,16,12,11,10,9,8,13,17,16,12,10,10,9,9,14,17,17,14,12,11
35216,12,16,15,11,8,7,6,7,14,16,16,10,10,9,8,8,14,16,16,13,11,9
35231,12,16,16,13,11,11,9,9,12,17,17,13,12,11,9,9,13,17,17,15,13,12
35246,13,17,18,13,13,12,12,11,16,19,19,15,15,14,14,13,16,19,20,16,15,14
35332,12,17,17,14,12,11,10,9,13,18,18,14,12,11,8,8,13,17,18,15,13,12
35361,10,15,15,11,9,10,9,7,13,17,16,10,9,8,6,6,12,17,18,12,10,9
35376,11,16,16,12,11,9,9,8,13,17,17,12,11,10,8,8,12,17,17,14,12,11
35426,12,17,17,14,14,12,10,9,13,18,19,14,13,12,10,10,14,17,17,17,15,13
35456,9,16,16,13,12,11,10,8,12,18,17,14,12,10,8,9,11,17,18,16,13,12
35486,9,17,17,11,10,10,9,9,13,18,18,12,11,11,10,9,11,18,19,14,12,11
35511,12,17,17,13,12,10,10,10,13,19,19,13,12,10,8,8,12,17,18,16,13,12
35541,10,17,16,11,10,9,9,9,13,18,18,11,11,10,8,8,13,18,18,14,12,11
35552,11,16,16,13,12,10,10,10,12,18,18,12,12,10,8,8,13,17,18,16,14,12
36056,12,15,15,13,12,11,11,10,14,18,18,12,10,9,8,8,15,17,17,14,12,12
36066,12,16,16,14,13,12,11,11,15,19,19,15,12,11,10,9,15,19,19,18,14,13
36106,8,13,12,9,8,7,6,6,13,17,16,10,9,7,6,4,11,15,15,11,10,9
36127,13,16,17,15,14,14,14,14,16,19,19,16,14,13,12,11,16,20,20,19,16,15
36151,15,15,15,13,13,13,12,11,15,18,18,14,13,13,12,11,18,19,18,15,15,15
36176,11,16,17,13,12,11,10,11,15,19,19,15,13,11,9,9,13,19,19,15,14,12
36196,8,9,9,8,8,8,8,9,12,13,13,9,9,8,8,7,12,14,13,11,10,10
36221,12,14,13,12,11,10,9,8,14,17,17,12,9,8,8,6,15,17,17,14,12,12
36251,11,17,17,13,11,11,11,11,14,19,19,14,13,12,10,9,13,19,19,15,13,11
36276,13,14,15,12,12,11,10,10,14,17,18,13,12,11,9,7,13,18,18,14,13,12
36291,13,15,15,13,13,13,12,11,16,19,18,14,12,11,10,9,15,18,18,17,15,14
36342,10,16,15,12,11,11,10,11,13,18,18,14,12,11,9,9,13,19,19,14,12,11
36361,13,16,16,13,13,12,11,12,15,20,20,14,14,13,11,9,13,19,20,17,15,13
36391,14,15,13,11,12,12,10,11,15,18,17,13,11,10,8,7,15,17,17,14,13,13
36411,15,16,16,14,14,14,13,13,15,19,19,15,14,13,12,13,18,21,20,16,15,14
36426,12,15,16,12,12,10,10,11,13,19,19,14,12,12,10,9,13,19,19,15,12,11
36476,13,15,14,12,12,12,10,11,15,19,19,14,13,11,9,8,16,19,18,16,15,14
36501,14,14,14,12,12,11,11,11,14,18,18,13,11,10,9,8,15,19,18,15,13,11
36536,13,15,14,12,12,11,11,11,15,18,18,14,12,10,9,7,13,18,18,14,12,11
36562,11,13,12,10,9,10,10,10,14,16,16,11,9,7,5,6,14,18,16,12,11,10
36591,14,15,14,12,12,12,11,10,14,19,18,14,11,9,8,7,16,20,19,15,14,13
36611,16,17,17,14,15,14,14,14,15,19,19,15,15,16,15,15,20,22,20,16,16,15
36641,10,13,14,11,11,10,10,10,13,17,17,13,11,9,7,6,12,19,19,14,12,10
36667,13,14,14,13,12,12,11,11,14,18,18,14,12,11,10,9,17,19,18,16,15,14
36676,12,15,15,12,12,12,12,11,14,19,19,13,12,11,9,9,16,20,19,16,15,14
36716,11,15,14,11,10,9,9,9,13,16,15,12,11,9,7,6,11,17,16,12,10,10
36821,14,15,15,13,12,12,12,12,15,19,19,14,13,11,9,8,15,21,20,16,15,14
36836,16,15,15,14,14,14,14,14,16,19,19,15,14,13,11,10,19,22,21,16,15,15
36846,16,17,17,15,15,15,15,15,16,19,19,16,15,16,15,13,19,22,20,17,16,16
40046,16,17,17,15,15,15,15,14,15,19,19,15,14,14,13,12,19,21,20,16,15,15
40061,14,15,14,13,13,13,12,13,15,19,19,14,13,11,9,9,15,22,21,16,15,14
40091,14,15,14,14,14,13,13,13,15,19,19,15,14,13,11,10,18,21,20,16,16,15
40136,15,16,17,16,15,16,15,15,15,18,19,17,15,15,14,14,19,22,20,17,16,16
40191,14,15,14,14,14,14,13,14,15,16,17,16,13,13,12,11,18,22,21,17,14,14
40201,15,16,15,15,15,15,13,14,15,17,18,17,15,15,13,13,19,21,21,18,16,16
40221,15,14,14,14,14,14,14,15,16,19,18,17,15,15,13,13,18,21,21,19,17,17
40231,14,14,14,15,15,14,14,15,15,17,18,17,15,14,12,12,17,21,21,18,16,16
40281,14,14,14,15,14,14,14,14,15,17,18,17,15,14,13,12,17,21,21,18,17,15
40311,15,16,16,17,17,17,15,15,16,18,17,18,17,16,15,14,18,22,20,17,16,14
40336,15,15,14,15,15,15,14,14,15,17,17,16,16,15,13,12,18,21,20,18,16,15
40341,15,15,15,15,16,15,15,15,15,17,17,17,16,15,14,13,19,21,21,18,17,16
40406,16,17,16,17,17,17,17,16,17,18,18,18,18,17,16,16,20,21,20,19,19,17
40426,15,15,14,14,16,16,15,14,15,18,18,16,16,16,14,13,18,21,20,17,16,15
41011,12,12,11,10,10,10,10,11,14,16,16,11,10,9,8,8,15,16,16,14,13,12
41076,11,12,12,12,12,11,11,12,14,16,16,13,13,12,11,9,14,17,16,14,13,12
41091,13,13,13,13,12,11,10,11,14,18,18,14,14,12,10,8,17,20,18,16,15,14
41116,13,12,11,10,9,8,7,8,14,17,15,11,11,10,8,5,13,17,16,12,11,10
41141,14,14,14,14,14,13,13,13,16,20,19,17,16,14,10,9,18,21,20,17,16,15
41166,11,9,9,9,9,9,9,9,13,14,14,11,10,10,9,7,12,15,14,12,11,11
41171,13,12,13,12,12,12,12,12,15,18,18,14,14,14,12,12,17,20,18,16,15,15
41181,14,15,14,14,13,13,13,12,15,20,19,15,14,13,12,11,17,20,19,16,15,15
41247,14,15,15,14,14,14,14,13,15,19,19,15,14,12,10,9,16,21,21,16,15,14
41271,14,14,13,14,14,14,14,14,15,20,19,16,15,14,13,13,18,21,20,16,15,15
41277,14,14,14,14,14,14,14,15,15,19,19,17,16,16,14,13,19,22,20,18,18,16
41331,14,14,13,14,14,14,14,15,15,19,18,17,15,13,13,12,18,21,21,17,16,15
41361,17,15,14,15,15,15,15,15,17,20,20,17,16,15,13,13,19,22,21,19,17,17
41376,16,14,14,14,15,15,15,15,16,19,18,17,16,15,14,13,20,22,20,18,17,16
42046,14,16,14,11,10,9,10,10,14,18,17,13,12,11,11,9,15,19,18,14,13,12
42091,15,17,15,12,12,11,12,13,16,19,19,14,13,13,12,11,16,20,20,16,15,14
42121,11,13,11,9,10,10,10,10,14,17,15,11,10,9,10,10,14,16,16,12,12,11
42146,16,17,14,12,12,12,11,11,15,20,19,15,14,13,12,11,17,21,20,17,15,14
42186,15,17,15,12,13,13,12,12,15,21,20,15,14,13,12,12,15,20,20,17,15,14
42221,11,14,13,10,10,10,10,10,14,16,15,11,10,8,8,9,14,16,17,12,11,10
42251,16,17,15,14,14,14,14,15,16,20,20,18,17,15,15,15,18,22,21,19,18,17
42266,17,15,14,14,14,14,14,14,16,20,21,16,17,16,14,13,18,22,21,18,17,17
42286,16,18,15,13,13,13,14,14,17,21,21,16,15,14,13,14,19,22,22,17,16,16
42302,17,16,16,15,14,15,15,15,17,20,21,18,18,16,14,15,19,21,21,19,18,18
42326,15,16,14,12,13,14,14,14,17,21,20,14,13,12,13,12,17,22,23,15,14,15
42366,17,15,14,14,15,14,14,15,17,19,20,17,16,15,14,13,18,23,21,19,17,17
42396,12,13,12,12,13,14,13,13,15,19,18,14,13,13,12,11,15,21,20,14,14,15
43051,16,15,15,13,13,14,14,14,16,20,20,16,15,14,12,13,18,22,21,16,16,16
43056,17,16,15,14,14,14,14,14,17,19,20,17,16,15,14,13,18,21,21,19,18,17
43126,16,14,13,13,14,14,14,15,16,18,18,17,15,14,13,12,18,21,21,18,17,16
43156,15,15,14,13,13,15,14,15,16,20,20,16,14,14,12,11,15,22,22,17,16,16
43171,17,15,15,13,14,15,15,14,17,19,20,16,14,13,12,12,18,22,22,17,16,16
43241,16,15,14,13,14,14,14,14,16,17,18,16,16,15,14,13,18,21,21,19,18,17
43256,14,14,13,13,14,14,13,14,15,17,18,16,15,15,14,14,17,21,21,17,17,16
43266,14,14,13,13,13,13,13,13,15,17,17,15,14,14,14,13,17,21,21,17,16,16
44046,13,13,12,12,11,12,12,12,14,17,17,14,13,12,11,11,13,19,20,15,14,14
44056,14,14,13,12,14,13,13,14,15,18,18,16,14,14,13,13,17,20,20,17,16,16
44071,15,14,13,14,14,14,14,13,15,17,17,16,16,15,14,14,18,20,20,17,17,17
44112,16,14,14,13,14,14,14,14,15,17,18,17,15,14,14,13,17,20,20,18,17,17
44116,15,14,14,14,14,14,14,13,15,17,18,16,15,15,14,13,17,21,21,17,17,17
44132,14,14,13,15,14,15,14,14,16,17,17,16,16,16,15,15,18,22,21,17,17,18
44136,15,15,13,15,15,15,15,15,16,17,17,17,16,16,16,16,19,21,22,19,18,18
44172,15,16,16,16,17,16,16,17,18,20,19,19,17,17,17,18,20,23,24,19,18,18
44226,18,20,21,21,20,19,19,19,20,22,22,21,20,20,20,20,23,24,23,21,20,19
44263,20,20,19,20,19,19,19,19,22,23,23,20,20,20,19,19,23,24,22,20,20,20
44301,29,30,29,25,25,24,23,23,27,30,28,25,25,25,24,24,28,30,29,25,25,24
45061,14,15,13,14,16,15,14,13,14,16,17,15,15,15,14,13,17,20,21,16,16,15
45081,16,17,16,16,17,17,16,16,16,17,17,17,17,17,16,15,19,21,20,17,16,14
45106,15,15,14,15,16,15,14,14,15,17,18,17,17,16,15,15,18,21,21,18,17,17
45116,15,16,15,15,16,16,15,15,15,18,18,17,17,16,15,14,18,21,21,18,16,15
45147,18,19,18,18,19,19,18,18,19,21,21,19,19,19,19,19,22,23,22,20,19,19
45181,17,18,19,16,18,17,16,16,17,19,20,17,18,18,17,16,21,23,22,18,17,16
45212,15,15,15,16,16,16,15,15,16,18,19,18,18,16,15,16,19,21,21,19,19,18
45261,16,17,17,16,16,17,16,15,17,19,19,17,17,17,16,16,21,23,21,18,17,16
45282,14,15,14,15,15,15,14,15,16,17,19,17,17,16,15,15,18,22,22,18,17,17
45291,15,16,16,16,16,16,15,15,16,19,20,17,17,15,15,15,18,23,21,17,16,14
45326,17,15,15,15,16,17,15,14,16,18,19,16,16,15,14,15,19,22,21,16,14,13
45361,16,17,17,16,17,17,16,16,18,20,21,17,17,17,16,16,21,23,23,18,17,17
45371,16,18,19,18,18,18,17,16,17,20,21,18,18,18,17,16,21,23,22,19,18,18
45401,16,17,17,16,17,18,16,16,18,19,20,18,17,17,16,16,20,25,24,18,17,15
46091,15,14,14,15,15,15,15,15,17,20,19,17,16,15,14,14,18,22,22,18,17,17
46106,14,14,13,14,15,15,15,15,16,17,17,18,18,16,16,16,19,21,21,19,19,19
46141,16,15,14,14,15,15,15,15,17,19,18,17,17,16,15,16,18,23,23,19,19,18
46166,17,16,17,16,16,16,15,15,18,20,20,17,15,15,14,14,19,23,23,18,17,16
46211,14,14,13,13,15,15,15,16,17,17,18,17,17,16,16,16,19,23,23,19,18,18
48031,11,15,15,13,11,10,10,10,14,18,18,14,12,11,10,10,13,18,19,14,13,12
48061,14,17,17,12,12,10,10,10,15,19,19,13,11,10,9,9,14,18,17,13,12,12
48066,14,17,17,15,13,12,11,11,15,19,20,16,13,12,11,11,15,20,20,17,15,14
48141,11,17,16,11,10,10,9,10,14,19,19,13,11,10,9,9,13,18,18,14,13,12
48156,15,18,18,14,13,14,13,12,16,20,21,16,14,13,13,12,16,20,20,16,16,15
48191,12,16,16,12,10,9,9,9,14,18,18,13,11,10,9,8,13,18,20,14,13,12
48196,14,17,17,12,12,12,11,11,15,19,19,14,12,12,11,11,15,20,20,15,14,13
48216,12,14,13,9,8,8,7,6,13,16,16,10,10,8,6,6,12,15,14,11,11,10
48256,15,18,17,12,12,12,12,12,15,20,19,15,14,13,12,11,16,20,20,16,15,14
48296,15,16,16,13,12,11,11,10,14,20,20,16,14,12,11,9,15,19,19,16,15,13
48321,12,15,15,11,11,11,10,10,14,18,18,13,12,10,9,8,12,18,18,14,12,12
48331,12,14,11,8,10,10,10,10,14,17,16,11,10,9,9,8,12,18,17,13,12,12
48361,15,16,16,14,13,12,12,11,14,19,20,17,14,13,11,10,16,20,20,17,15,14
48381,14,17,15,11,12,12,10,10,15,19,19,14,13,11,11,9,15,19,19,15,14,13
48386,15,17,14,11,11,12,13,13,15,21,20,15,13,12,11,10,15,21,21,17,15,14
48466,12,16,15,11,9,9,8,7,12,19,18,12,10,9,7,7,12,16,16,12,10,9
48491,13,16,15,14,14,13,12,11,15,17,17,16,14,13,11,11,15,19,19,17,15,14
48531,12,15,14,11,10,9,7,6,12,17,17,12,9,7,7,7,10,16,15,12,9,8
48536,12,16,15,12,11,11,10,9,12,19,19,13,11,9,8,8,12,17,17,14,12,11
48546,14,16,17,13,13,12,12,11,15,19,19,15,13,11,10,10,15,20,19,16,14,13
48561,11,15,14,11,11,11,10,10,14,18,18,14,12,11,9,8,13,19,18,14,13,13
48571,11,13,11,10,9,10,9,8,13,16,14,11,10,10,8,6,12,17,16,12,12,12
48606,14,16,17,13,12,11,11,11,15,20,21,14,12,11,9,9,13,19,20,15,13,11
48621,14,17,18,14,13,12,12,12,15,20,20,16,14,12,11,10,16,19,20,17,15,13
48717,13,17,16,14,12,12,12,11,15,20,20,15,13,13,12,11,14,19,20,14,13,13
48731,13,16,15,13,13,12,11,11,15,19,19,15,14,12,11,9,13,18,19,15,14,13
48767,14,17,16,15,14,13,12,11,15,19,20,17,15,14,12,11,15,20,21,17,16,14
48826,13,16,14,11,11,10,9,8,14,18,18,14,12,10,9,9,14,18,18,13,12,10
48841,15,18,18,15,15,14,13,13,17,21,22,17,16,15,13,12,14,20,22,17,16,14
49036,14,15,14,12,13,13,12,11,16,19,18,14,14,13,11,10,16,20,21,15,15,14
49086,15,15,14,14,14,15,13,12,16,20,20,15,15,14,13,12,17,21,22,16,16,15
49142,16,15,15,15,16,16,15,15,17,20,21,16,16,16,14,13,18,22,23,19,18,17
49151,15,15,16,16,15,15,15,15,17,20,21,17,16,15,14,13,16,21,22,19,17,17
49161,15,13,13,13,13,14,13,13,15,18,18,16,15,14,12,11,15,22,22,18,16,15
49196,16,14,14,12,12,12,13,12,16,19,18,14,14,13,11,10,17,21,19,15,15,14
49236,15,16,17,15,15,15,15,14,17,20,21,16,15,15,13,11,16,21,21,17,16,15
49251,12,12,12,11,12,11,11,11,13,18,17,14,13,11,9,8,14,19,19,16,14,13
49256,12,11,10,12,11,12,11,11,13,16,17,13,11,10,8,7,14,19,18,14,12,12
49316,17,17,18,17,15,15,15,15,18,22,22,18,17,16,14,13,17,22,22,18,17,16
50106,12,17,16,13,12,12,11,11,13,20,19,15,14,13,11,10,13,20,19,14,14,12
50136,14,14,14,13,12,11,12,13,17,19,19,16,15,13,12,11,17,22,21,17,16,15
50196,17,18,18,17,17,17,16,15,18,21,22,19,18,17,15,15,18,23,23,21,19,17
50206,17,18,19,17,17,17,16,16,19,22,22,18,17,16,15,14,17,25,25,20,18,16
50226,14,18,17,16,16,15,14,14,16,21,21,17,17,16,13,13,18,24,23,17,16,14
50241,15,19,19,16,16,15,15,15,17,23,23,18,17,16,14,13,16,23,22,16,15,14
50261,17,19,19,17,17,15,16,16,20,22,22,18,18,17,16,15,21,24,23,19,18,17
50281,15,15,16,17,17,17,17,17,17,19,20,17,18,18,17,16,17,21,22,19,19,19
50331,18,18,19,18,17,17,17,17,19,22,21,19,19,18,16,15,20,24,23,20,19,17
50386,16,19,18,16,16,15,15,15,18,23,23,18,17,16,15,15,20,25,24,17,17,16
50456,17,19,19,18,18,17,16,16,20,23,23,20,19,18,17,15,20,24,24,19,18,18
50476,17,17,18,17,17,16,16,15,19,22,22,18,17,16,15,14,19,23,22,17,17,16
50491,17,20,18,17,17,17,16,16,20,23,23,17,15,14,14,14,20,25,24,18,17,16
50506,14,15,15,16,16,17,16,16,18,20,19,17,17,17,17,17,20,22,23,18,19,19
50536,16,19,19,18,17,16,16,15,19,23,24,19,17,16,15,15,20,24,24,19,18,16
50551,18,19,19,19,18,18,18,19,20,23,23,19,19,18,17,17,21,24,24,20,19,19
50561,15,17,16,16,17,17,17,16,18,20,20,18,17,18,17,18,21,23,22,19,19,19
51031,17,19,19,16,16,15,14,13,20,22,24,18,17,15,14,14,20,23,23,17,16,16
51071,14,18,17,14,13,13,12,12,16,21,21,15,15,14,12,14,16,20,19,15,14,13
51106,17,19,19,17,17,17,16,15,20,23,23,19,18,16,15,14,20,22,22,18,18,17
51116,18,20,19,18,16,15,14,14,19,23,23,19,17,15,14,13,19,22,21,18,17,16
51216,17,19,19,18,17,17,16,15,19,22,22,19,18,16,15,14,20,22,22,18,17,17
51226,17,19,19,17,16,15,14,14,19,22,23,18,16,15,14,13,19,20,21,17,17,15
51247,16,19,19,16,15,15,14,14,18,23,23,18,16,15,13,12,18,22,22,18,16,15
51281,17,19,19,17,17,17,16,16,19,23,22,19,18,16,16,15,21,23,22,17,18,16
51311,17,18,18,16,16,16,15,14,19,22,22,18,18,17,16,16,20,23,22,17,17,17
51331,18,19,18,17,16,15,15,15,18,22,22,19,18,16,15,14,19,22,22,17,17,16
51346,18,19,19,16,16,16,16,16,20,22,23,18,17,16,17,17,21,22,22,17,17,17
52041,12,18,18,13,12,11,10,10,14,19,20,14,13,13,12,12,14,20,21,15,14,13
52051,13,18,17,14,12,11,10,9,14,20,21,15,14,14,13,13,15,21,21,16,15,14
52081,13,19,18,13,12,9,9,9,13,20,20,15,14,13,13,12,14,18,18,16,15,14
52111,12,17,17,13,12,11,10,10,14,19,19,14,12,11,11,9,13,17,17,14,13,12
52146,14,17,18,14,13,12,10,10,14,18,19,15,14,13,12,12,14,20,20,17,15,13
52181,12,16,16,11,9,7,8,8,14,17,17,12,11,9,9,7,12,15,14,12,10,9
52196,14,17,16,12,10,10,9,8,14,18,18,13,11,10,9,9,12,15,16,13,12,10
52221,15,18,19,14,13,11,11,11,16,20,20,15,14,13,12,11,15,19,20,16,14,13
52286,16,19,19,16,13,13,12,13,17,21,21,16,15,14,13,12,15,19,19,15,15,13
52331,14,18,18,15,13,11,11,12,16,20,21,16,14,13,12,11,15,19,18,16,14,14
52346,14,18,17,15,13,12,12,12,16,21,20,16,14,13,12,11,15,19,18,15,14,14
52381,15,18,18,15,13,12,12,13,17,20,20,15,14,13,13,13,17,19,17,15,14,14
52406,15,19,19,16,14,13,12,13,17,23,22,17,16,14,13,12,15,20,20,16,15,14
52461,16,19,19,17,15,15,14,14,18,23,23,18,17,16,15,14,17,21,21,17,16,16
52482,14,18,17,15,13,12,12,12,17,21,20,16,14,12,11,11,16,19,18,14,13,13
52511,16,19,20,18,16,14,14,15,19,22,22,18,17,16,14,15,19,22,22,18,18,16
52536,16,19,18,18,17,15,14,14,18,22,22,19,17,15,14,14,18,21,21,18,17,16
52556,14,19,19,16,15,14,12,12,17,22,22,18,15,14,13,13,16,20,20,17,15,14
52557,14,18,18,16,14,13,12,13,17,22,22,18,15,14,13,13,17,20,20,17,15,15
52571,17,19,20,15,15,15,14,14,19,22,22,17,15,15,14,14,18,21,20,17,16,15
52581,17,18,19,18,17,17,15,15,20,22,22,19,17,16,15,15,20,22,22,20,19,17
52586,17,18,18,18,18,16,15,15,19,23,23,19,19,17,15,14,20,22,22,18,19,17
52606,16,20,20,17,15,14,14,14,19,23,24,18,16,14,14,13,19,22,22,16,16,15
53041,18,19,19,18,17,16,15,15,20,23,23,19,18,17,15,15,20,23,23,18,18,17
53061,18,19,19,17,16,15,14,14,19,23,22,18,17,15,15,14,20,23,23,18,17,16
53091,17,19,19,17,15,15,14,14,19,23,23,18,16,14,13,14,21,24,23,17,16,15
53112,16,19,20,17,16,15,14,13,17,22,22,18,15,13,12,11,17,22,21,18,16,14
53133,17,18,19,19,17,16,16,16,18,21,22,19,18,17,15,16,20,22,22,20,19,18
53196,16,18,18,17,16,14,14,14,19,22,22,18,16,16,15,15,19,23,22,17,15,16
53231,16,18,18,16,15,14,12,12,17,22,23,18,14,13,13,14,17,23,23,17,15,14
53257,15,17,17,15,14,15,15,15,19,20,20,16,15,15,15,15,18,20,20,16,16,15
53296,18,18,18,17,16,15,16,16,19,22,22,17,17,16,15,16,21,24,23,17,16,16
53326,19,19,20,17,17,17,15,15,19,23,23,19,17,17,17,16,20,25,24,20,18,17
53378,19,19,19,17,18,17,16,16,20,23,22,19,18,18,18,17,21,25,24,19,18,18
53401,20,19,20,17,18,17,17,17,21,23,23,19,19,20,19,18,23,25,23,18,19,20
54012,15,19,18,14,14,13,12,13,18,19,19,15,16,15,14,15,19,20,20,15,15,15
54041,15,17,16,14,14,14,15,14,17,18,17,14,15,14,14,13,16,18,18,15,14,14
54086,13,18,17,14,12,11,10,10,16,20,19,16,14,12,11,11,15,19,19,16,14,13
54157,16,19,18,15,15,15,15,16,20,21,21,16,14,14,14,14,17,19,18,15,14,14
54166,17,19,19,16,16,14,15,16,19,21,20,17,15,13,13,14,18,20,19,16,14,14
54181,14,19,18,15,13,13,12,12,18,20,20,17,15,13,12,12,16,19,19,17,15,13
54191,14,18,18,14,12,12,10,11,16,20,20,15,15,14,11,11,15,19,19,16,13,12
54232,15,19,19,14,14,13,12,13,17,21,20,16,16,13,12,13,17,19,19,17,15,13
54271,14,19,18,15,14,14,13,14,18,21,21,15,14,12,12,11,17,20,19,14,13,12
54296,16,19,19,15,14,13,13,14,18,22,21,17,15,13,11,11,16,20,20,15,13,12
54341,14,19,18,14,14,12,11,12,18,21,20,16,15,12,11,12,16,20,19,15,14,12
54387,13,19,18,14,13,13,12,12,16,22,22,16,15,13,13,13,16,20,20,15,14,13
54396,14,18,18,15,15,13,13,13,17,21,21,17,16,14,13,13,17,20,20,18,16,14
54421,12,17,18,12,11,11,11,11,15,20,20,14,13,12,10,9,13,19,19,14,12,11
54501,13,18,17,15,14,13,12,12,16,20,20,17,15,14,13,13,16,20,20,18,15,14
54541,15,18,19,13,12,11,12,12,17,20,21,16,14,12,13,13,18,21,20,15,14,13
54566,13,17,17,13,12,12,11,12,16,20,20,15,13,12,12,11,15,19,19,16,13,12
54586,17,19,19,16,14,13,13,12,17,21,21,18,15,13,13,12,17,21,21,16,15,13
54616,13,17,17,14,13,12,12,13,16,20,20,17,14,12,11,11,16,20,20,17,14,13
54651,16,20,19,15,14,14,13,13,18,21,21,17,15,13,13,13,18,21,21,16,15,14
54661,15,18,17,14,11,10,11,12,17,21,20,15,13,12,12,11,15,20,19,15,13,12
54676,13,17,16,15,12,12,11,11,16,19,19,16,14,13,12,11,16,20,20,16,13,13
54711,16,19,19,16,14,14,14,13,18,22,22,17,16,15,15,15,19,21,21,18,17,16
54721,15,18,18,13,11,11,10,10,17,21,20,14,13,13,13,13,18,20,20,16,14,13
54816,15,17,16,13,13,13,12,12,16,20,19,15,14,13,12,13,16,20,19,15,14,14
54836,11,16,16,14,12,11,11,11,15,18,18,15,14,12,12,11,15,19,19,15,13,13
54841,15,17,17,14,14,14,13,12,17,19,19,15,14,13,13,12,17,20,21,16,15,14
55022,17,19,19,16,13,12,12,11,18,23,23,16,14,14,14,15,20,22,20,16,15,14
55041,18,19,20,15,14,14,13,13,19,22,21,17,16,15,14,13,18,21,20,16,16,15
55056,17,20,19,16,14,13,13,12,18,22,22,17,15,14,13,13,19,21,21,17,16,15
55091,16,20,20,16,16,14,13,13,19,23,22,18,17,16,15,15,19,21,20,18,18,16
55102,17,20,20,17,15,14,13,13,18,23,22,18,17,16,15,14,20,23,21,18,17,16
55141,17,19,19,16,15,14,12,12,18,23,22,18,16,14,14,14,17,21,21,18,17,15
55166,14,18,18,13,12,11,10,9,16,20,21,15,13,13,13,12,16,20,19,16,15,13
55191,15,19,19,16,14,13,12,11,17,23,22,18,15,15,14,14,17,20,21,18,16,15
55206,16,19,18,14,13,12,11,10,17,22,22,16,14,14,13,13,17,22,21,17,15,15
56036,16,20,19,14,13,13,12,13,20,22,22,15,12,12,11,12,18,20,19,14,12,12
56052,15,20,19,15,12,12,13,14,19,22,22,16,13,12,12,13,17,20,19,16,13,12
56116,16,21,20,15,13,12,12,13,19,23,23,18,15,13,12,13,18,21,20,17,14,14
56146,18,20,20,14,14,13,14,14,19,22,22,15,14,13,13,14,19,21,20,15,14,14
56176,17,20,19,16,13,14,12,13,19,23,22,18,16,16,15,15,18,21,20,17,16,15
56186,16,20,20,15,14,14,13,13,19,23,22,18,16,15,14,14,18,20,19,17,16,15
56227,17,20,20,16,15,14,14,14,20,24,23,19,17,17,16,15,18,22,21,19,17,17
56276,15,20,21,16,14,12,11,12,18,22,22,18,16,14,14,14,17,21,21,17,16,15
56286,14,20,20,14,12,11,10,10,17,22,22,17,15,14,13,13,17,21,21,17,15,15
56301,15,20,20,13,12,11,11,10,17,22,22,15,14,13,12,12,17,20,21,14,14,14
57001,15,20,21,16,15,14,13,13,18,22,22,18,16,14,14,13,17,21,21,17,16,15
57051,17,20,21,15,16,15,15,16,19,22,22,17,17,16,16,15,17,21,21,16,17,16
57066,17,21,21,17,15,14,13,13,17,23,23,19,16,14,14,13,16,21,22,18,16,15
57082,12,18,18,15,13,12,11,12,15,20,21,16,16,15,14,13,16,20,21,18,16,15
57121,13,19,19,15,13,12,12,12,16,21,21,16,14,14,13,13,15,19,21,17,16,15
57206,13,19,19,14,12,11,11,10,15,21,21,15,13,12,13,12,15,19,20,16,14,13
57248,17,20,20,17,16,15,14,14,19,22,22,19,17,16,15,14,19,21,21,19,17,16
57286,17,20,20,16,14,14,14,14,18,21,21,18,16,15,14,13,18,21,21,18,16,15
57317,17,20,20,16,15,15,14,14,18,22,22,18,15,14,13,12,16,21,22,17,16,15
60051,16,19,19,16,15,13,14,14,18,22,22,17,16,14,13,14,19,21,22,17,16,14
60061,15,20,19,15,14,13,12,12,18,22,22,17,15,14,13,14,18,20,20,17,15,14
60102,14,18,19,14,14,14,13,12,17,21,21,16,15,13,12,13,18,20,20,16,14,14
60116,16,19,19,17,17,15,15,16,20,21,21,18,17,15,14,15,19,20,20,17,17,15
60131,17,18,18,17,16,15,15,14,19,21,21,18,17,16,15,15,19,21,21,17,16,16
60196,17,19,20,16,15,15,13,13,18,22,22,18,15,13,12,12,19,22,22,18,15,14
60216,16,19,19,16,16,15,14,13,18,21,22,18,16,15,14,14,19,21,21,17,16,15
60226,15,19,19,15,14,13,12,11,17,21,21,15,13,11,9,9,17,21,20,14,12,11
60236,15,18,19,16,14,14,13,13,18,22,22,16,15,13,11,12,19,21,21,15,15,13
61001,17,19,19,16,16,15,15,16,19,21,20,17,16,16,15,16,19,21,21,17,17,17
61076,18,21,21,15,15,14,13,13,18,21,21,16,15,14,13,14,18,23,23,16,15,13
61111,17,21,21,16,16,15,14,16,19,22,21,17,16,14,13,13,16,22,22,17,16,14
61187,18,20,21,16,15,14,14,13,18,22,22,17,15,13,13,14,15,22,23,18,15,13
61206,15,20,20,14,13,13,13,13,17,22,22,16,13,12,12,12,15,20,20,15,13,12
61242,17,21,21,15,14,14,13,12,18,23,22,16,14,12,13,12,15,20,22,16,14,12
61286,18,21,21,17,17,17,16,16,20,23,23,19,18,17,16,15,19,22,22,20,18,17
61326,17,21,20,16,16,15,14,14,19,22,22,18,16,14,12,12,19,22,21,17,15,15
62016,19,20,20,15,15,15,14,14,19,22,22,16,15,14,13,12,17,21,21,16,15,14
62046,18,22,20,17,16,16,15,15,19,23,23,19,17,16,15,14,19,23,22,19,17,16
62078,18,21,20,18,17,16,16,15,20,23,23,20,19,17,17,16,20,23,23,20,19,17
62081,13,17,16,13,12,12,12,13,17,18,18,14,14,12,12,12,17,18,18,13,14,13
62091,18,21,21,17,17,16,16,15,19,23,24,19,18,16,16,14,20,22,22,19,18,17
62131,18,21,21,17,16,15,14,14,18,22,22,19,18,17,15,14,20,22,22,17,18,17
63016,17,19,20,14,14,13,13,13,17,21,21,16,15,14,14,14,17,21,21,16,15,15
63051,18,21,21,16,14,13,13,12,17,22,22,18,15,14,14,13,15,23,23,18,14,14
63071,16,17,16,12,12,12,11,13,17,18,18,14,14,13,12,12,17,18,18,15,14,13
63121,17,20,20,15,13,12,12,12,17,22,21,17,15,13,13,12,15,22,23,17,15,13
63201,17,20,20,15,13,12,13,12,18,21,22,17,15,14,14,12,16,21,21,17,16,14
63216,19,20,20,16,15,13,13,14,19,22,21,17,16,14,14,13,16,21,21,18,17,14
63251,18,21,20,15,14,13,13,14,18,22,22,17,16,15,14,13,16,22,22,18,16,15
63321,21,21,21,16,16,15,15,15,20,22,22,18,18,16,15,13,18,22,22,19,18,16
63331,20,20,20,16,15,15,15,15,20,22,22,18,17,15,13,12,17,22,22,18,17,15
63366,16,21,21,16,14,12,12,13,18,23,23,18,17,14,13,13,16,23,23,17,16,14
63383,20,21,21,17,16,16,15,15,20,22,22,19,18,16,15,14,18,23,23,20,18,16
63411,17,20,20,15,15,14,13,13,19,22,22,17,16,13,11,10,16,22,22,17,15,13
63461,18,20,20,16,15,15,14,15,19,21,21,18,17,15,14,13,17,21,21,19,17,15
63491,19,19,20,16,16,15,14,15,17,21,21,18,18,17,17,16,19,23,23,18,18,17
63496,19,22,21,17,16,16,15,15,19,23,22,19,18,17,16,15,18,23,23,19,19,17
63518,18,20,21,18,18,17,17,17,20,22,22,20,21,19,18,17,21,22,22,20,21,19
63551,20,22,22,17,17,15,14,14,20,22,23,19,16,15,14,15,20,23,24,17,15,15
63571,19,21,21,17,16,15,14,15,19,22,22,19,16,16,15,16,20,22,23,18,16,16
63588,20,22,21,16,15,14,14,14,19,23,24,18,16,16,15,15,20,24,25,17,16,15
64036,16,20,20,17,16,16,15,14,18,23,23,18,17,15,13,13,19,23,22,16,17,16
64041,15,18,18,13,13,12,12,11,16,21,21,15,13,11,10,10,18,20,19,13,12,11
64101,14,18,18,13,13,13,12,12,16,21,21,16,13,11,11,11,16,20,19,14,13,12
64127,16,20,20,16,15,14,13,12,18,23,23,17,16,14,13,12,18,22,21,16,15,14
64206,16,19,19,16,15,15,14,14,17,22,21,16,14,14,14,13,17,22,21,17,16,14
64227,14,18,19,16,15,14,14,14,16,22,22,17,15,14,14,14,17,22,22,18,16,15
65026,15,22,21,16,15,14,13,13,17,24,23,18,16,14,13,13,18,22,21,16,15,14
65036,19,21,21,17,17,17,16,16,18,21,22,19,19,19,18,18,20,22,24,19,19,19
65042,19,21,21,17,17,17,16,16,19,23,23,20,19,18,17,16,20,22,22,21,19,17
65061,13,17,17,12,12,11,10,11,17,19,19,14,13,12,11,11,17,18,18,13,13,12
65121,14,21,21,15,14,13,13,13,17,23,23,17,16,14,13,12,17,22,21,17,16,15
65162,17,19,20,15,14,14,13,14,18,23,21,17,15,14,13,14,18,23,21,17,16,15
65201,17,22,22,17,16,15,15,16,20,25,24,19,17,17,16,15,21,24,24,19,17,17
65256,19,20,21,16,16,15,15,16,19,24,24,18,17,15,14,15,20,25,23,18,17,16
65276,19,17,19,19,19,19,18,17,20,24,23,20,20,20,19,18,23,25,23,19,19,19
65306,19,19,19,17,16,16,15,14,18,23,23,18,16,15,14,15,19,24,23,17,16,15
65356,19,19,21,19,19,18,18,18,20,23,23,20,20,20,19,19,23,25,24,20,19,19
66046,17,19,17,13,10,9,9,9,15,20,20,15,12,10,11,11,14,19,18,15,13,12
66091,14,20,18,12,9,8,7,7,15,20,21,14,11,9,10,10,14,19,20,15,12,10
66127,15,20,20,15,12,12,12,12,17,21,22,17,14,13,13,12,16,20,21,17,15,13
66136,14,20,19,14,12,12,11,12,17,21,21,16,15,14,12,12,16,20,21,17,15,13
66171,13,21,20,15,12,11,11,12,16,22,22,17,15,13,13,12,15,21,21,17,16,14
66186,16,21,20,15,14,12,12,11,17,22,22,18,16,14,13,13,15,22,22,19,17,14
66221,14,20,19,14,12,10,9,8,16,21,21,16,14,12,11,12,15,19,19,16,15,13
66296,14,21,21,16,13,12,11,11,16,22,22,18,15,12,12,12,15,22,22,17,15,14
66306,16,21,21,15,13,12,12,11,17,23,23,17,15,13,12,12,16,24,23,16,15,14
66336,14,21,21,16,13,12,12,12,17,23,23,18,16,14,13,13,16,22,22,18,16,15
66408,17,21,21,18,16,15,13,13,18,22,22,20,18,16,15,14,18,24,23,19,18,17
66421,16,21,21,16,15,14,13,13,19,22,22,18,16,15,15,14,20,24,23,16,16,16
66446,17,20,20,18,16,15,13,13,18,22,22,19,18,16,15,14,18,22,22,19,18,17
66481,17,21,21,19,16,15,14,13,18,23,23,19,18,17,16,15,19,23,23,20,19,18
66501,18,20,21,19,17,16,15,13,18,21,22,20,19,18,18,18,21,22,22,19,19,19
67016,11,18,18,13,10,8,7,7,14,20,21,15,12,10,9,8,13,19,18,15,13,12
67106,13,20,20,16,13,11,11,10,13,21,22,17,15,13,12,12,13,20,21,18,16,16
67116,12,20,20,15,12,10,9,9,14,21,22,17,15,12,11,10,14,20,21,18,16,15
67151,13,20,20,13,10,7,6,7,14,21,22,14,12,10,10,10,14,21,21,16,15,13
67191,12,18,18,13,10,9,7,6,14,20,20,14,12,10,9,9,14,19,20,15,13,12
67212,13,22,23,15,12,11,10,9,14,24,24,16,14,13,13,13,14,24,24,17,17,16
67292,16,21,20,16,14,13,12,11,16,22,22,18,16,15,13,13,17,22,23,18,18,17
67316,13,20,20,15,11,10,9,8,15,21,21,16,14,12,11,11,15,21,22,17,16,15
67326,14,21,21,18,15,13,12,11,17,22,23,19,18,15,15,14,17,22,23,20,19,17
67376,16,21,21,16,13,11,10,9,16,21,22,17,15,13,12,12,16,22,22,18,17,15
67401,17,22,22,19,16,14,12,11,18,23,23,20,18,16,16,15,20,24,24,20,19,18
67421,14,20,20,16,12,11,10,9,16,21,22,17,15,13,13,12,15,22,22,17,17,16
67437,16,22,21,19,18,16,15,14,17,23,23,21,19,18,17,16,18,23,23,23,22,20
67461,17,20,20,18,16,15,13,13,17,22,22,18,18,17,17,16,20,22,21,20,20,19
67471,21,22,22,18,17,16,14,13,19,24,24,19,18,18,17,17,23,25,25,18,19,19
67496,18,21,22,18,17,15,14,13,19,23,23,19,20,19,17,17,20,24,24,21,22,21
67511,18,21,21,19,18,16,15,14,19,22,22,19,20,19,18,17,21,24,24,21,21,21
67576,19,22,22,18,17,17,15,15,20,23,23,19,20,20,19,19,22,24,24,20,21,21
68022,19,20,19,15,15,14,14,14,18,21,20,17,15,13,12,13,19,21,20,16,15,16
68056,18,20,20,15,14,13,13,13,18,21,21,16,14,13,11,12,20,22,21,15,14,15
68091,15,20,20,15,13,14,12,11,18,22,21,16,14,13,14,15,18,23,23,17,16,15
68132,17,20,20,16,15,14,12,12,17,22,22,17,17,15,14,15,17,22,23,18,18,16
68156,17,21,20,15,14,12,11,10,17,22,23,16,15,14,13,12,17,24,24,17,16,15
68246,15,22,22,16,15,14,12,11,18,23,23,17,17,16,14,13,17,23,24,18,17,17
68261,13,20,20,14,11,9,9,10,15,21,22,16,14,12,11,11,14,22,22,17,15,14
68276,13,20,19,14,10,9,8,8,15,21,21,16,13,11,10,10,14,20,21,17,14,13
68306,12,18,19,13,9,9,7,7,15,20,20,15,12,11,10,9,15,19,19,16,14,13
68351,15,20,21,15,13,11,9,9,13,21,22,17,15,13,13,12,14,23,22,17,16,15
68376,17,21,21,17,14,13,11,11,17,22,23,18,16,16,15,13,18,23,24,19,18,17
68401,12,20,20,14,11,8,7,6,13,21,21,16,13,11,9,9,13,22,22,16,15,14
68431,13,19,19,14,11,8,9,7,14,21,21,15,13,11,12,10,15,22,21,16,15,14
68462,18,22,22,18,15,13,12,11,17,23,23,18,16,16,15,14,17,23,23,20,19,18
68516,14,23,23,16,13,12,11,9,14,23,24,17,15,14,13,12,15,24,23,18,18,16
68541,13,22,22,16,11,10,10,10,13,22,23,17,14,13,12,12,15,23,22,17,17,16
69006,16,20,20,16,15,15,12,11,17,23,23,17,17,16,15,16,19,23,23,17,18,17
69021,18,19,20,16,16,14,13,13,19,21,22,18,16,15,14,16,20,22,22,17,16,16
69041,18,20,19,16,14,12,11,11,17,22,21,17,14,14,14,13,18,22,22,17,15,14
69061,16,20,20,14,12,11,11,13,18,21,21,16,14,13,13,13,18,23,22,15,14,14
69076,16,21,21,16,15,13,11,12,18,22,23,18,16,14,14,14,18,22,21,19,17,15
69101,17,20,20,16,13,13,12,13,19,22,22,18,15,14,13,15,19,22,21,18,16,15
69122,17,22,21,16,14,13,12,13,18,23,23,18,15,15,15,14,17,23,22,19,16,15
69246,15,21,20,14,11,11,10,10,16,22,22,16,14,13,13,12,16,21,21,17,14,13
69271,12,18,18,13,9,7,5,7,13,20,20,14,11,9,9,9,14,19,19,15,12,11
81011,17,21,21,16,14,11,10,9,16,21,21,17,15,15,12,12,18,23,22,18,16,16
81071,17,22,21,18,15,13,12,11,17,22,22,18,18,17,16,16,18,23,23,20,19,18
81116,16,22,22,18,17,15,12,13,20,22,22,18,18,17,15,16,20,25,24,20,19,17
81151,13,21,21,16,12,10,8,9,14,22,22,16,13,12,12,12,15,22,22,18,16,15
81196,16,21,21,15,14,13,12,11,17,21,22,16,16,15,14,14,18,23,22,18,17,16
81231,15,22,22,17,13,12,11,11,16,23,23,18,16,14,14,14,16,24,24,18,18,17
81266,15,22,22,17,14,12,11,10,17,23,22,17,15,15,13,12,18,24,24,19,17,16
81286,17,23,23,19,16,14,13,13,17,23,24,20,18,17,16,16,18,25,24,22,20,19
81321,16,22,21,17,16,15,13,12,17,22,22,19,19,18,17,16,19,23,24,20,20,19
81371,18,22,23,19,16,14,13,12,18,24,24,20,18,18,17,16,20,25,26,21,20,19
81386,17,21,21,18,16,15,14,14,18,23,23,19,18,17,16,16,20,24,25,20,19,19
81397,18,21,21,18,15,15,14,12,18,22,22,19,17,16,15,15,18,24,24,19,19,18
81428,18,21,21,18,18,17,16,16,18,23,23,19,18,19,18,18,22,25,25,21,21,21
81481,19,21,21,18,17,16,15,14,20,22,22,18,19,19,18,17,19,23,23,20,19,19
81486,19,22,22,18,18,17,16,16,20,23,23,19,19,19,19,19,21,24,24,19,19,20
71066,15,20,21,15,13,12,12,12,16,22,22,17,16,15,15,14,17,24,23,18,17,15
71087,18,21,21,16,15,14,13,14,18,23,22,18,18,16,15,15,18,23,23,19,18,17
71106,19,22,21,18,17,16,16,16,19,22,22,20,19,18,17,17,20,23,23,21,20,18
71191,14,21,21,13,12,11,11,12,17,23,22,16,16,15,14,13,16,22,21,16,16,16
71231,19,20,21,18,18,18,17,18,20,22,22,19,19,19,18,18,21,22,22,19,19,19
71251,17,23,23,14,13,13,12,13,16,23,22,17,17,15,14,14,16,24,23,18,17,16
71266,19,23,22,18,18,17,17,18,19,23,24,19,19,18,17,17,21,25,24,20,20,19
71291,20,23,23,18,17,16,16,16,21,25,24,19,19,19,18,17,22,24,23,20,20,19
72061,20,21,21,17,16,16,15,15,20,24,23,18,18,18,18,18,21,23,23,18,18,18
72086,18,21,21,19,17,17,16,15,20,22,22,20,19,18,18,17,21,23,23,20,19,19
72111,18,22,22,17,16,15,15,14,19,23,23,18,18,17,17,17,21,23,23,19,19,19
72121,17,21,22,16,15,13,12,13,20,22,23,18,17,15,15,15,20,23,23,18,17,16
72146,20,21,21,17,17,17,16,16,20,21,21,18,18,18,17,17,21,22,22,18,18,18
72161,19,22,22,16,14,13,13,12,19,23,23,18,17,15,16,16,20,25,24,17,17,16
73001,16,21,21,16,15,14,12,12,18,23,23,16,17,16,15,15,21,24,25,17,18,18
73076,19,21,21,18,17,17,16,16,19,22,22,19,18,18,18,18,22,23,24,19,19,19
73126,18,22,22,18,14,14,13,14,19,22,22,18,18,17,18,17,21,25,25,19,19,18
73141,17,21,21,17,15,14,13,13,18,21,22,18,18,17,17,16,21,24,24,18,19,18
73151,18,22,21,15,14,13,12,12,19,23,23,17,18,17,17,16,22,24,24,18,19,18
73166,18,22,22,18,17,17,16,16,20,24,24,20,19,20,19,18,22,26,26,22,21,20
73256,19,21,21,19,17,15,14,15,19,22,22,20,19,18,17,17,20,23,22,21,21,19
73276,14,22,22,16,12,10,10,11,16,23,23,17,17,15,14,13,15,23,22,18,17,17
73306,16,24,24,18,17,15,14,13,18,25,25,19,18,17,16,16,19,27,27,20,20,19
73341,18,21,21,17,18,17,16,17,20,22,22,18,19,19,19,19,22,26,25,21,20,20
73406,15,24,24,18,16,14,13,12,18,25,25,18,16,15,16,16,19,26,26,19,18,18
73442,18,23,23,20,18,17,16,15,21,24,25,21,20,19,19,18,21,25,25,22,21,21
73446,14,22,23,18,16,13,13,13,18,24,23,19,18,16,16,16,18,24,24,19,19,19
73516,17,23,23,19,17,15,14,14,20,24,24,20,20,19,19,18,22,25,25,21,20,20
74056,13,20,20,14,12,11,10,10,15,22,22,17,17,15,14,14,16,22,23,17,17,16
74071,16,22,23,15,13,12,12,13,17,24,24,18,17,17,15,15,18,25,25,18,18,18
74136,16,23,23,17,15,14,14,15,20,24,25,19,19,17,16,16,19,25,25,20,19,19
74181,19,24,23,20,17,16,15,15,21,25,25,21,21,19,18,18,22,26,25,22,22,21
74187,17,23,23,18,17,16,15,16,21,25,24,21,20,18,17,17,21,25,25,22,21,20
74271,21,23,23,19,17,17,18,18,22,26,25,20,20,19,19,19,22,26,25,21,21,21
74296,13,22,22,16,12,11,12,12,17,23,23,17,16,15,15,14,16,23,23,17,17,18
74311,18,23,22,19,16,15,15,16,21,24,23,20,20,18,17,18,21,25,24,20,20,20
74361,15,22,21,17,15,14,13,14,18,24,24,19,18,17,16,16,20,24,23,18,19,19
74372,19,20,20,17,17,17,18,17,20,22,22,18,19,19,19,19,22,24,24,20,20,19
74381,15,23,23,18,17,14,14,15,18,24,25,19,19,18,18,17,18,24,25,19,19,20
74436,18,23,22,19,17,15,14,16,21,25,24,20,20,20,19,19,21,26,25,20,20,20
74447,18,21,22,19,18,17,16,16,20,24,23,21,21,21,20,20,21,24,25,21,21,21
74456,17,23,23,19,18,16,14,15,20,25,24,21,20,19,19,19,20,26,25,20,20,20
74516,21,22,22,20,19,19,19,20,22,24,23,21,22,22,22,22,24,25,24,22,21,21
82046,19,21,21,17,16,16,14,14,20,22,23,18,17,16,15,14,22,25,25,20,19,18
82056,18,21,21,18,17,17,16,15,20,22,23,19,18,17,17,16,22,25,25,21,21,20
82101,18,21,20,17,16,15,16,15,19,22,21,18,17,16,16,17,21,24,24,21,20,19
82136,18,21,21,18,16,16,15,15,19,22,22,19,17,16,16,15,20,25,25,22,21,19
82171,19,22,22,19,17,16,14,14,20,23,24,19,18,17,16,16,22,26,26,22,21,19
82182,19,22,22,19,18,17,16,16,20,25,24,19,19,18,18,17,23,26,26,22,22,21
82191,18,23,22,18,17,16,15,15,21,24,24,19,17,17,17,17,22,25,25,21,20,19
82206,17,21,20,16,15,14,14,12,18,22,21,16,16,15,15,15,20,25,24,19,19,18
82261,18,22,22,17,16,16,15,14,20,24,24,17,17,16,15,15,21,25,25,21,21,19
82306,18,23,23,18,17,17,17,16,20,25,24,19,19,18,18,17,21,26,26,23,22,21
82317,17,22,21,17,16,15,15,14,19,24,23,18,18,16,15,15,21,24,24,20,19,19
82361,17,23,22,18,17,15,14,15,19,26,26,18,18,18,17,17,21,26,25,21,20,20
83021,18,22,21,16,14,16,15,15,20,24,23,17,17,18,17,18,22,26,25,19,19,20
83051,18,20,20,17,15,15,15,16,19,21,22,18,17,18,17,18,22,24,23,21,20,20
83061,17,22,21,18,16,15,16,16,19,23,23,19,17,17,17,18,21,25,25,20,19,20
83106,16,21,21,17,14,11,14,15,17,23,23,18,17,16,15,16,19,24,24,20,19,18
83121,19,22,21,17,16,16,16,16,20,24,23,18,18,17,16,17,21,24,23,20,19,19
83137,17,22,22,18,16,14,15,14,17,25,25,19,19,17,17,16,19,25,26,22,20,19
83191,16,21,20,15,14,12,13,14,18,23,23,17,15,14,14,15,19,24,23,20,17,18
83201,15,20,20,15,13,12,14,15,17,22,23,17,15,14,13,15,19,22,22,19,17,18
83216,19,21,21,19,18,17,17,17,20,22,22,19,19,19,19,19,22,23,24,23,22,21
83341,16,21,21,17,16,15,14,15,20,24,22,18,18,17,17,18,19,23,24,21,19,19
83371,17,19,19,16,15,13,13,14,19,22,22,17,17,17,16,17,20,22,22,20,19,19
83401,18,21,22,19,18,17,16,16,20,22,22,20,18,18,18,18,21,24,24,21,20,20
83431,17,21,20,17,16,15,15,15,18,22,23,18,17,17,17,17,19,23,22,20,18,19
83476,21,22,22,19,19,18,18,18,21,23,23,19,19,20,20,21,22,24,25,22,21,21
84012,19,20,19,16,17,17,17,17,19,21,20,17,17,17,18,18,20,22,21,19,19,20
84072,19,22,21,17,17,17,17,17,20,23,22,18,17,17,17,18,21,25,24,20,20,20
84121,20,21,21,17,17,17,17,17,20,22,22,17,18,18,18,19,22,25,24,20,20,20
84171,20,21,22,18,18,17,17,16,20,22,22,18,19,19,18,18,22,25,25,21,21,20
84183,18,21,22,18,17,16,15,15,21,23,23,19,19,18,18,18,22,25,25,22,20,20
84266,19,22,23,19,18,18,17,17,21,25,25,20,20,20,19,18,22,26,27,23,22,21
84306,20,23,22,18,16,17,16,16,20,25,25,19,18,18,18,17,22,26,26,22,21,20
84341,21,23,22,19,19,19,18,17,22,24,24,20,20,20,19,19,23,26,26,23,22,21
84496,18,22,22,19,18,17,17,17,20,25,25,21,20,20,18,18,21,26,26,23,22,21
84519,15,20,19,15,14,13,12,13,18,22,22,16,15,15,14,15,20,24,24,17,16,17
84523,20,23,23,20,18,18,17,16,20,25,25,20,20,20,19,18,23,27,27,21,21,21
84536,21,23,23,18,17,18,18,17,21,24,24,19,18,18,18,19,23,26,26,21,20,20
84561,20,23,23,19,19,17,15,15,21,26,26,20,20,19,18,18,23,27,28,21,21,21
84597,20,23,21,19,18,18,16,17,21,25,26,20,20,20,19,19,23,26,27,23,22,22
85033,20,22,22,18,17,17,16,16,21,23,24,19,19,18,17,17,21,24,25,21,21,20
85116,17,21,22,18,17,16,15,14,20,24,24,19,19,18,16,16,21,24,24,22,21,18
85142,18,23,22,18,18,17,16,17,20,25,24,20,19,19,18,17,21,26,26,23,22,21
85161,16,22,22,18,16,15,14,14,19,24,24,19,17,17,16,15,19,24,25,21,20,19
85166,18,23,23,19,18,17,15,15,20,24,25,20,19,18,17,16,20,26,26,22,21,20
86006,15,22,21,17,15,14,13,12,19,24,24,19,17,15,16,16,20,25,24,20,19,18
86066,12,21,20,14,13,10,11,11,17,23,23,17,16,15,15,16,19,22,23,19,17,18
86086,18,24,24,19,18,16,15,15,20,26,27,20,20,19,18,18,22,26,26,21,22,21
86101,17,23,22,18,17,15,14,13,19,24,24,20,20,18,18,17,21,25,25,21,21,20
86111,18,20,20,15,14,13,12,12,18,22,22,17,17,16,15,16,19,20,21,19,18,19
86141,18,24,23,19,17,16,16,15,20,25,26,21,21,20,19,19,22,27,26,22,21,21
86157,16,21,21,15,15,14,14,14,19,23,23,19,18,18,17,17,20,23,23,20,20,19
86161,17,20,19,15,14,13,14,15,18,22,22,18,18,18,17,17,20,22,22,20,19,19
86216,19,21,22,20,17,17,17,17,20,24,24,20,19,20,20,19,22,26,26,22,20,21
86236,17,23,23,19,16,16,16,15,18,24,25,21,20,19,18,17,20,25,25,21,20,20
86271,18,21,21,19,18,16,15,15,20,23,23,18,19,18,18,19,22,26,26,21,21,21
86316,18,22,22,19,18,16,15,16,20,22,23,20,19,18,17,17,22,25,26,20,20,19
86336,17,22,23,20,18,16,14,14,19,24,25,21,20,19,18,18,22,26,26,21,21,20
86451,18,22,23,20,17,15,14,16,20,23,24,21,19,18,18,18,23,24,25,21,21,21
86467,16,22,23,19,17,14,14,14,18,25,25,21,20,19,19,19,20,24,24,21,21,20
86477,16,23,23,19,17,14,15,14,18,25,25,21,20,20,19,19,20,24,25,22,22,21
86491,20,23,23,20,19,18,18,17,21,24,26,20,21,21,20,19,24,27,26,22,22,22
87041,14,20,21,16,15,14,13,13,17,23,23,18,18,18,17,17,18,21,22,20,19,19
87066,21,22,22,18,18,18,17,17,21,23,24,19,20,21,21,21,23,24,24,21,22,22
87071,16,20,20,15,13,12,13,11,17,22,23,17,17,17,16,17,19,21,22,19,18,18
87141,17,22,22,19,18,18,17,17,20,23,24,20,21,21,20,21,22,24,24,22,22,22
87181,19,22,22,18,16,17,17,17,20,23,24,19,20,21,20,20,22,24,23,21,21,21
87206,17,22,22,17,15,14,15,14,18,24,24,19,19,20,19,20,21,23,22,20,20,20
87231,16,23,22,18,16,15,16,15,19,25,24,20,20,20,21,20,22,23,23,21,21,21
87293,20,22,22,19,16,17,17,17,21,23,23,20,20,21,21,21,23,23,24,21,21,21
87301,18,23,23,19,17,15,15,14,20,26,25,20,20,20,20,19,22,24,23,21,22,21
87331,19,23,23,19,16,17,17,17,21,23,24,20,20,21,21,21,23,24,24,22,21,21
87352,20,22,21,18,17,17,17,16,20,24,24,20,20,20,20,21,21,23,23,21,21,21
87376,19,22,22,20,19,18,18,18,21,23,24,21,21,22,22,22,23,23,24,23,22,22
87406,19,21,20,19,18,17,17,18,20,22,22,20,20,21,21,21,21,22,22,21,22,21
87426,18,22,21,19,18,17,17,18,22,25,24,20,21,21,21,22,22,23,23,21,22,22
87492,21,22,21,20,20,20,21,21,23,25,24,21,22,23,23,23,23,25,24,23,23,22
87501,21,23,22,21,20,20,21,21,24,26,26,22,23,23,23,24,25,26,25,23,23,23
88061,20,23,23,19,18,17,16,16,20,24,25,20,20,20,20,19,23,25,24,21,21,21
88081,16,23,23,19,16,14,14,13,19,25,25,20,20,18,17,17,21,25,25,22,22,21
88107,18,25,24,20,17,15,15,14,20,27,26,22,20,18,17,17,21,25,25,22,21,21
88131,22,24,24,20,19,18,19,19,22,26,26,21,21,20,20,19,24,26,25,22,22,22
88151,17,24,23,21,18,17,17,16,20,26,26,22,20,19,18,18,21,26,24,22,21,21
88261,20,25,25,20,18,17,16,16,22,26,25,22,21,21,20,19,24,26,25,22,22,22
88286,19,22,21,17,16,15,16,16,20,23,22,18,18,19,19,20,21,21,21,19,19,19
88317,21,25,24,20,20,19,19,19,23,26,25,22,22,24,24,24,25,25,25,23,23,23
88331,17,21,20,17,17,16,16,16,20,23,23,19,18,18,18,19,19,21,21,18,18,18
88371,19,26,25,21,19,18,18,18,23,27,27,22,21,20,21,20,24,26,26,22,22,22
88406,19,24,22,19,19,18,19,19,23,26,25,21,21,21,21,21,23,25,24,21,22,21
88432,23,25,24,20,19,18,18,19,23,27,26,21,22,23,22,21,24,25,24,22,22,23
88442,21,23,22,20,20,20,20,19,23,26,25,21,22,23,23,22,23,25,24,21,22,22
88447,20,23,22,19,18,18,18,18,22,26,25,20,21,21,21,21,22,25,24,22,21,21
88466,21,25,25,20,20,19,19,18,23,26,26,22,22,22,22,21,24,26,26,22,23,23
88486,21,24,24,20,20,19,19,19,23,26,26,21,22,22,22,23,24,25,25,22,23,23
88506,22,23,22,20,21,20,20,21,23,26,25,21,22,22,22,22,24,25,25,22,22,22
88536,18,23,23,19,19,18,17,17,23,25,25,21,21,20,20,20,22,24,24,21,21,21
88612,22,24,24,22,22,22,22,21,24,27,26,23,22,22,23,24,26,27,26,24,23,23
88666,22,23,23,20,20,19,20,20,23,25,24,22,22,21,21,22,24,25,24,22,22,22
88686,22,23,22,22,22,21,22,22,24,25,24,22,23,23,23,22,25,26,25,23,23,23
88706,24,26,26,23,23,23,23,23,26,28,28,24,24,24,24,24,26,28,27,24,24,24
88736,21,24,23,21,22,22,21,22,23,26,25,23,23,24,23,23,26,28,26,23,22,23
88836,26,27,27,24,24,24,24,24,27,30,28,25,25,24,24,24,27,30,30,26,24,23
88901,25,27,28,24,24,24,24,25,27,30,29,25,26,25,25,24,28,30,29,26,25,25
88956,26,27,26,23,23,23,23,24,26,28,29,25,25,24,24,25,27,28,28,26,25,25
88971,26,27,27,24,24,24,24,24,27,30,30,25,25,25,25,25,27,29,29,27,25,26
91011,26,27,27,25,25,25,24,24,28,29,30,26,26,26,25,25,27,29,28,26,26,26
91021,24,25,24,22,22,23,22,23,25,27,27,24,23,23,23,23,25,27,26,23,23,23
91107,26,28,27,25,25,25,25,24,27,30,30,27,25,24,24,24,27,30,29,26,25,25
91146,27,29,30,25,25,25,25,25,27,30,31,26,26,26,26,25,27,29,30,27,26,26
91166,25,27,26,24,24,24,24,24,26,29,28,25,24,24,24,24,26,28,28,26,25,25
91181,25,26,26,23,23,23,23,22,26,28,27,24,24,23,24,23,25,27,28,24,24,24
91197,26,28,27,24,24,25,25,24,27,29,30,26,26,25,25,25,27,29,29,26,26,26
91241,24,26,25,22,23,22,23,23,26,29,28,24,23,22,22,23,25,28,27,24,24,24
92011,28,29,28,26,26,26,25,25,28,27,26,26,26,26,25,25,29,30,29,26,25,26
93041,26,28,29,25,25,24,24,24,27,29,28,26,25,25,25,24,28,30,30,27,26,25
94001,24,29,28,24,24,24,23,23,26,29,29,25,25,25,25,24,26,30,29,26,26,26
94017,24,26,26,23,23,23,23,23,24,27,27,25,26,25,24,24,27,29,29,25,25,25
94062,25,29,28,24,24,23,22,22,25,29,28,25,25,25,24,23,25,30,29,26,25,25
94081,25,30,29,25,25,24,23,23,27,30,30,26,26,25,25,24,26,30,29,27,26,26
94101,25,28,27,24,23,23,22,22,25,29,28,25,25,24,24,23,26,29,29,26,25,25
94116,24,28,28,24,24,23,23,23,25,29,29,25,26,25,24,24,26,30,30,26,26,26
